Reg Chopped Prime Angus Beef Brisket Sandwich 1/3 Lb;"Deli sweet pickles (KPRJEDEWQGCBW) $0.00
A little sauce (J0GT697DQBGX2) $0.00";14.13;0
Reg Chopped Prime Angus Beef Brisket Sandwich 1/3 Lb;"Deli sweet pickles (KPRJEDEWQGCBW) $0.00
Extra Sauce (6XSVZ0X0DBK6J) $0.00";14.13;0
Reg Chopped Prime Angus Beef Brisket Sandwich 1/3 Lb;Extra Sauce (6XSVZ0X0DBK6J) $0.00;14.13;0
Reg Chopped Prime Angus Beef Brisket Sandwich 1/3 Lb;No Sauce (FZ7MZM65H1F9T) $0.00;14.13;0
Reg Chopped Prime Angus Beef Brisket Sandwich 1/3 Lb;No Sauce (FZ7MZM65H1F9T) $0.00;14.13;0
Reg Sliced Brisket Sandwich 1/3 Lb;Alabama Sauce (GQQ2T85CTFNAT) $0.00;14.13;0
Reg Sliced Brisket Sandwich 1/3 Lb;Alabama Sauce (GQQ2T85CTFNAT) $0.00;14.13;0
Reg Sliced Brisket Sandwich 1/3 Lb;"Deli sweet pickles (KPRJEDEWQGCBW) $0.00
Pickled jalapeños (CZ4PZ5544MT28) $0.00
A little sauce (J0GT697DQBGX2) $0.00";14.13;0
Reg Sliced Brisket Sandwich 1/3 Lb;"Deli sweet pickles (KPRJEDEWQGCBW) $0.00
Pickled jalapeños (CZ4PZ5544MT28) $0.00
A little sauce (J0GT697DQBGX2) $0.00";14.13;0
Reg Sliced Brisket Sandwich 1/3 Lb;"Deli sweet pickles (KPRJEDEWQGCBW) $0.00
Pickled jalapeños (CZ4PZ5544MT28) $0.00
A little sauce (J0GT697DQBGX2) $0.00";14.13;0
Reg Sliced Brisket Sandwich 1/3 Lb;"Deli sweet pickles (KPRJEDEWQGCBW) $0.00
Pickled jalapeños (CZ4PZ5544MT28) $0.00
Some sauce not too much (785DM30WQ2ZAA) $0.00";14.13;0
Reg Sliced Brisket Sandwich 1/3 Lb;No Sauce (FZ7MZM65H1F9T) $0.00;14.13;0
Reg Sliced Brisket Sandwich 1/3 Lb;Pickled jalapeños (CZ4PZ5544MT28) $0.00;14.13;0
Reg Sliced Brisket Sandwich 1/3 Lb;"Pickled jalapeños (CZ4PZ5544MT28) $0.00
Extra Sauce (6XSVZ0X0DBK6J) $0.00";14.13;0
Reg Sliced Brisket Sandwich 1/3 Lb;Some sauce not too much (785DM30WQ2ZAA) $0.00;14.13;0
Lg Sliced Brisket Sandwich 1/2 Lb;"Pickled jalapeños (CZ4PZ5544MT28) $0.00
Extra Sauce (6XSVZ0X0DBK6J) $0.00";17.49;0
Brisket Mac Bowl;A little sauce (J0GT697DQBGX2) $0.00;15.55;0
Brisket Mac Bowl;"A little sauce (J0GT697DQBGX2) $0.00
No Toppings, Just Plain (QBQNDRHHJVE56) $0.00";15.55;0
Brisket Mac Bowl;"Green Beans (VCWJPZ8WYNY8M) $0.00
Corn Bread Casserole (2W6H9D1P3KA74) $0.00
Mac-n-Cheese (H3XXP6Z7EYG92) $0.00
No Sauce (FZ7MZM65H1F9T) $0.00";15.55;0
Brisket Mac Bowl;"Green Beans (VCWJPZ8WYNY8M) $0.00
Homemade Mild BBQ Sauce (V7590D03QW41A) $0.00
Extra Sauce (6XSVZ0X0DBK6J) $0.00";15.55;0
Brisket Mac Bowl;"Green Beans (VCWJPZ8WYNY8M) $0.00
Homemade Mild BBQ Sauce (V7590D03QW41A) $0.00
Pickled jalapeño (D2Y75XC0KEX3E) $0.00
Some sauce not too much (785DM30WQ2ZAA) $0.00";15.55;0
Brisket Mac Bowl;"Mac-n-Cheese (H3XXP6Z7EYG92) $0.00
Loaded Mash Potato (J9ANSW32SACMM) $0.00
Pickled jalapeño (D2Y75XC0KEX3E) $0.00
Sweet Deli Pickles (7TC4D8Q9SZGWW) $0.00
Extra Sauce (6XSVZ0X0DBK6J) $0.00";15.55;0
Brisket Mac Bowl;No Sauce (FZ7MZM65H1F9T) $0.00;15.55;0
Brisket Mac Bowl;"No Sauce (FZ7MZM65H1F9T) $0.00
Corn Bread Casserole (2W6H9D1P3KA74) $0.00
Sweet Potato Casserole (2XX2MM3A12WTT) $0.00
Green Beans (VCWJPZ8WYNY8M) $0.00";15.55;0
Brisket Mac Bowl;"No Sauce (FZ7MZM65H1F9T) $0.00
No Toppings, Just Plain (QBQNDRHHJVE56) $0.00";15.55;0
Brisket Mac Bowl;No Toppings, Just Plain (QBQNDRHHJVE56) $0.00;15.55;0
Brisket Mac Bowl;No Toppings, Just Plain (QBQNDRHHJVE56) $0.00;15.55;0
Brisket Mac Bowl;No Toppings, Just Plain (QBQNDRHHJVE56) $0.00;15.55;0
Brisket Mac Bowl;No Toppings, Just Plain (QBQNDRHHJVE56) $0.00;15.55;0
Brisket Mac Bowl;"No Toppings, Just Plain (QBQNDRHHJVE56) $0.00
Extra Sauce (6XSVZ0X0DBK6J) $0.00
Alabama Sauce (GQQ2T85CTFNAT) $0.00";15.55;0
Brisket Mac Bowl;"No Toppings, Just Plain (QBQNDRHHJVE56) $0.00
Extra Sauce (6XSVZ0X0DBK6J) $0.00
Alabama Sauce (GQQ2T85CTFNAT) $0.00";15.55;0
Brisket Mac Bowl;"No Toppings, Just Plain (QBQNDRHHJVE56) $0.00
No Sauce (FZ7MZM65H1F9T) $0.00";15.55;0
Brisket Mac Bowl;Some sauce not too much (785DM30WQ2ZAA) $0.00;15.55;0
3/4 Lb Prime Angus Sliced Brisket;A little sauce (J0GT697DQBGX2) $0.00;24.16;0
3/4 Lb Prime Angus Sliced Brisket;A little sauce (J0GT697DQBGX2) $0.00;24.16;0
3/4 Lb Prime Angus Sliced Brisket;A little sauce (J0GT697DQBGX2) $0.00;24.16;0
3/4 Lb Prime Angus Sliced Brisket;A little sauce (J0GT697DQBGX2) $0.00;24.16;0
3/4 Lb Prime Angus Sliced Brisket;Extra Sauce (6XSVZ0X0DBK6J) $0.00;24.16;0
3/4 Lb Prime Angus Sliced Brisket;No Sauce (FZ7MZM65H1F9T) $0.00;24.16;0
3/4 Lb Prime Angus Sliced Brisket;Some sauce not too much (785DM30WQ2ZAA) $0.00;24.16;0
1lb Sliced Prime Angus Brisket;A little sauce (J0GT697DQBGX2) $0.00;32.22;0
1/2 Lb Sliced Prime Beef Brisket;Lean Cut (WCEMGBTS2A4AE) $0.00;16.11;0
1/2 Lb Sliced Prime Beef Brisket;Lean Cut (WCEMGBTS2A4AE) $0.00;16.11;0
1/2 Lb Sliced Prime Beef Brisket;Lean Cut (WCEMGBTS2A4AE) $0.00;16.11;0
1/2 Lb Sliced Prime Beef Brisket;Lean Cut (WCEMGBTS2A4AE) $0.00;16.11;0
1/2 Lb Sliced Prime Beef Brisket;Lean Cut (WCEMGBTS2A4AE) $0.00;16.11;0
1/2 Lb Sliced Prime Beef Brisket;Lean Cut (WCEMGBTS2A4AE) $0.00;16.11;0
1/2 Lb Sliced Prime Beef Brisket;Lean Cut (WCEMGBTS2A4AE) $0.00;16.11;0
1/2 Lb Sliced Prime Beef Brisket;Mixed Moist & Lean  (JGRW4S7T6XEPC) $0.00;16.11;0
1/2 Lb Sliced Prime Beef Brisket;Mixed Moist & Lean  (JGRW4S7T6XEPC) $0.00;16.11;0
1/2 Lb Sliced Prime Beef Brisket;Mixed Moist & Lean  (JGRW4S7T6XEPC) $0.00;16.11;0
1/2 Lb Sliced Prime Beef Brisket;Mixed Moist & Lean  (JGRW4S7T6XEPC) $0.00;16.11;0
1/2 Lb Sliced Prime Beef Brisket;Mixed Moist & Lean  (JGRW4S7T6XEPC) $0.00;16.11;0
1/2 Lb Sliced Prime Beef Brisket;Mixed Moist & Lean  (JGRW4S7T6XEPC) $0.00;16.11;0
1/2 Lb Sliced Prime Beef Brisket;Mixed Moist & Lean  (JGRW4S7T6XEPC) $0.00;16.11;0
1/2 Lb Sliced Prime Beef Brisket;Mixed Moist & Lean  (JGRW4S7T6XEPC) $0.00;16.11;0
1/2 Lb Sliced Prime Beef Brisket;Mixed Moist & Lean  (JGRW4S7T6XEPC) $0.00;16.11;0
1/2 Lb Sliced Prime Beef Brisket;Mixed Moist & Lean  (JGRW4S7T6XEPC) $0.00;16.11;0
1/2 Lb Sliced Prime Beef Brisket;Mixed Moist & Lean  (JGRW4S7T6XEPC) $0.00;16.11;0
1/2 Lb Sliced Prime Beef Brisket;Mixed Moist & Lean  (JGRW4S7T6XEPC) $0.00;16.11;0
1/2 Lb Sliced Prime Beef Brisket;Mixed Moist & Lean  (JGRW4S7T6XEPC) $0.00;16.11;0
1/2 Lb Sliced Prime Beef Brisket;Mixed Moist & Lean  (JGRW4S7T6XEPC) $0.00;16.11;0
1/2 Lb Sliced Prime Beef Brisket;Mixed Moist & Lean  (JGRW4S7T6XEPC) $0.00;16.11;0
1/2 Lb Sliced Prime Beef Brisket;Mixed Moist & Lean  (JGRW4S7T6XEPC) $0.00;16.11;0
1/2 Lb Sliced Prime Beef Brisket;Mixed Moist & Lean  (JGRW4S7T6XEPC) $0.00;16.11;0
1/2 Lb Sliced Prime Beef Brisket;Mixed Moist & Lean  (JGRW4S7T6XEPC) $0.00;16.11;0
1/2 Lb Sliced Prime Beef Brisket;Mixed Moist & Lean  (JGRW4S7T6XEPC) $0.00;16.11;0
1/2 Lb Sliced Prime Beef Brisket;Mixed Moist & Lean  (JGRW4S7T6XEPC) $0.00;16.11;0
1/2 Lb Sliced Prime Beef Brisket;Mixed Moist & Lean  (JGRW4S7T6XEPC) $0.00;16.11;0
1/2 Lb Sliced Prime Beef Brisket;Mixed Moist & Lean  (JGRW4S7T6XEPC) $0.00;16.11;0
1/2 Lb Sliced Prime Beef Brisket;Mixed Moist & Lean  (JGRW4S7T6XEPC) $0.00;16.11;0
1/2 Lb Sliced Prime Beef Brisket;Mixed Moist & Lean  (JGRW4S7T6XEPC) $0.00;16.11;0
1/2 Lb Sliced Prime Beef Brisket;Mixed Moist & Lean  (JGRW4S7T6XEPC) $0.00;16.11;0
1/2 Lb Sliced Prime Beef Brisket;Mixed Moist & Lean  (JGRW4S7T6XEPC) $0.00;16.11;0
1/2 Lb Sliced Prime Beef Brisket;Mixed Moist & Lean  (JGRW4S7T6XEPC) $0.00;16.11;0
1/2 Lb Sliced Prime Beef Brisket;Mixed Moist & Lean  (JGRW4S7T6XEPC) $0.00;16.11;0
1/2 Lb Sliced Prime Beef Brisket;Mixed Moist & Lean  (JGRW4S7T6XEPC) $0.00;16.11;0
1/2 Lb Sliced Prime Beef Brisket;Mixed Moist & Lean  (JGRW4S7T6XEPC) $0.00;16.11;0
1/2 Lb Sliced Prime Beef Brisket;Mixed Moist & Lean  (JGRW4S7T6XEPC) $0.00;16.11;0
1/2 Lb Sliced Prime Beef Brisket;"Mixed Moist & Lean  (JGRW4S7T6XEPC) $0.00
A little sauce (J0GT697DQBGX2) $0.00";16.11;0
1/2 Lb Sliced Prime Beef Brisket;"Mixed Moist & Lean  (JGRW4S7T6XEPC) $0.00
A little sauce (J0GT697DQBGX2) $0.00";16.11;0
1/2 Lb Sliced Prime Beef Brisket;"Mixed Moist & Lean  (JGRW4S7T6XEPC) $0.00
Alabama Sauce (GQQ2T85CTFNAT) $0.00";16.11;0
1/2 Lb Sliced Prime Beef Brisket;"Mixed Moist & Lean  (JGRW4S7T6XEPC) $0.00
No Sauce (FZ7MZM65H1F9T) $0.00";16.11;0
1/2 Lb Sliced Prime Beef Brisket;"Mixed Moist & Lean  (JGRW4S7T6XEPC) $0.00
No Sauce (FZ7MZM65H1F9T) $0.00";16.11;0
1/2 Lb Sliced Prime Beef Brisket;Moist Cut (8ND6FARY9B1YM) $0.00;16.11;0
1/2 Lb Sliced Prime Beef Brisket;Moist Cut (8ND6FARY9B1YM) $0.00;16.11;0
1/2 Lb Sliced Prime Beef Brisket;Moist Cut (8ND6FARY9B1YM) $0.00;16.11;0
1/2 Lb Sliced Prime Beef Brisket;Moist Cut (8ND6FARY9B1YM) $0.00;16.11;0
1/2 Lb Sliced Prime Beef Brisket;Moist Cut (8ND6FARY9B1YM) $0.00;16.11;0
1/2 Lb Sliced Prime Beef Brisket;Moist Cut (8ND6FARY9B1YM) $0.00;16.11;0
1/2 Lb Sliced Prime Beef Brisket;Moist Cut (8ND6FARY9B1YM) $0.00;16.11;0
1/2 Lb Sliced Prime Beef Brisket;Moist Cut (8ND6FARY9B1YM) $0.00;16.11;0
1/2 Lb Sliced Prime Beef Brisket;Moist Cut (8ND6FARY9B1YM) $0.00;16.11;0
1/2 Lb Sliced Prime Beef Brisket;Moist Cut (8ND6FARY9B1YM) $0.00;16.11;0
1/2 Lb Sliced Prime Beef Brisket;Moist Cut (8ND6FARY9B1YM) $0.00;16.11;0
1/2 Lb Sliced Prime Beef Brisket;Moist Cut (8ND6FARY9B1YM) $0.00;16.11;0
1/2 Lb Sliced Prime Beef Brisket;Moist Cut (8ND6FARY9B1YM) $0.00;16.11;0
1/2 Lb Sliced Prime Beef Brisket;Moist Cut (8ND6FARY9B1YM) $0.00;16.11;0
1/2 Lb Sliced Prime Beef Brisket;Moist Cut (8ND6FARY9B1YM) $0.00;16.11;0
1/2 Lb Sliced Prime Beef Brisket;Moist Cut (8ND6FARY9B1YM) $0.00;16.11;0
1/2 Lb Sliced Prime Beef Brisket;Moist Cut (8ND6FARY9B1YM) $0.00;16.11;0
1/2 Lb Sliced Prime Beef Brisket;Moist Cut (8ND6FARY9B1YM) $0.00;16.11;0
1/2 Lb Sliced Prime Beef Brisket;Moist Cut (8ND6FARY9B1YM) $0.00;16.11;0
1/2 Lb Sliced Prime Beef Brisket;Moist Cut (8ND6FARY9B1YM) $0.00;16.11;0
1/2 Lb Sliced Prime Beef Brisket;Moist Cut (8ND6FARY9B1YM) $0.00;16.11;0
1/2 Lb Sliced Prime Beef Brisket;Moist Cut (8ND6FARY9B1YM) $0.00;16.11;0
1/2 Lb Sliced Prime Beef Brisket;Moist Cut (8ND6FARY9B1YM) $0.00;16.11;0
1/2 Lb Sliced Prime Beef Brisket;Moist Cut (8ND6FARY9B1YM) $0.00;16.11;0
1/2 Lb Sliced Prime Beef Brisket;Moist Cut (8ND6FARY9B1YM) $0.00;16.11;0
1/2 Lb Sliced Prime Beef Brisket;Moist Cut (8ND6FARY9B1YM) $0.00;16.11;0
1/2 Lb Sliced Prime Beef Brisket;Moist Cut (8ND6FARY9B1YM) $0.00;16.11;0
1/2 Lb Sliced Prime Beef Brisket;Moist Cut (8ND6FARY9B1YM) $0.00;16.11;0
1/2 Lb Sliced Prime Beef Brisket;Moist Cut (8ND6FARY9B1YM) $0.00;16.11;0
1/2 Lb Sliced Prime Beef Brisket;Moist Cut (8ND6FARY9B1YM) $0.00;16.11;0
1/2 Lb Sliced Prime Beef Brisket;Moist Cut (8ND6FARY9B1YM) $0.00;16.11;0
1/2 Lb Sliced Prime Beef Brisket;Moist Cut (8ND6FARY9B1YM) $0.00;16.11;0
1/2 Lb Sliced Prime Beef Brisket;Moist Cut (8ND6FARY9B1YM) $0.00;16.11;0
1/2 Lb Sliced Prime Beef Brisket;Moist Cut (8ND6FARY9B1YM) $0.00;16.11;0
1/2 Lb Sliced Prime Beef Brisket;Moist Cut (8ND6FARY9B1YM) $0.00;16.11;0
1/2 Lb Sliced Prime Beef Brisket;Moist Cut (8ND6FARY9B1YM) $0.00;16.11;0
1/2 Lb Sliced Prime Beef Brisket;Moist Cut (8ND6FARY9B1YM) $0.00;16.11;0
1/2 Lb Sliced Prime Beef Brisket;Moist Cut (8ND6FARY9B1YM) $0.00;16.11;0
1/2 Lb Sliced Prime Beef Brisket;Moist Cut (8ND6FARY9B1YM) $0.00;16.11;0
1/2 Lb Sliced Prime Beef Brisket;Moist Cut (8ND6FARY9B1YM) $0.00;16.11;0
1/2 Lb Sliced Prime Beef Brisket;Moist Cut (8ND6FARY9B1YM) $0.00;16.11;0
1/2 Lb Sliced Prime Beef Brisket;Moist Cut (8ND6FARY9B1YM) $0.00;16.11;0
1/2 Lb Sliced Prime Beef Brisket;Moist Cut (8ND6FARY9B1YM) $0.00;16.11;0
1/2 Lb Sliced Prime Beef Brisket;Moist Cut (8ND6FARY9B1YM) $0.00;16.11;0
1/2 Lb Sliced Prime Beef Brisket;Moist Cut (8ND6FARY9B1YM) $0.00;16.11;0
1/2 Lb Sliced Prime Beef Brisket;Moist Cut (8ND6FARY9B1YM) $0.00;16.11;0
1/2 Lb Sliced Prime Beef Brisket;Moist Cut (8ND6FARY9B1YM) $0.00;16.11;0
1/2 Lb Sliced Prime Beef Brisket;Moist Cut (8ND6FARY9B1YM) $0.00;16.11;0
1/2 Lb Sliced Prime Beef Brisket;Moist Cut (8ND6FARY9B1YM) $0.00;16.11;0
1/2 Lb Sliced Prime Beef Brisket;Moist Cut (8ND6FARY9B1YM) $0.00;16.11;0
1/2 Lb Sliced Prime Beef Brisket;Moist Cut (8ND6FARY9B1YM) $0.00;16.11;0
1/2 Lb Sliced Prime Beef Brisket;Moist Cut (8ND6FARY9B1YM) $0.00;16.11;0
1/2 Lb Sliced Prime Beef Brisket;Moist Cut (8ND6FARY9B1YM) $0.00;16.11;0
1/2 Lb Sliced Prime Beef Brisket;Moist Cut (8ND6FARY9B1YM) $0.00;16.11;0
1/2 Lb Sliced Prime Beef Brisket;Moist Cut (8ND6FARY9B1YM) $0.00;16.11;0
1/2 Lb Sliced Prime Beef Brisket;Moist Cut (8ND6FARY9B1YM) $0.00;16.11;0
1/2 Lb Sliced Prime Beef Brisket;Moist Cut (8ND6FARY9B1YM) $0.00;16.11;0
1/2 Lb Sliced Prime Beef Brisket;Moist Cut (8ND6FARY9B1YM) $0.00;16.11;0
1/2 Lb Sliced Prime Beef Brisket;Moist Cut (8ND6FARY9B1YM) $0.00;16.11;0
1/2 Lb Sliced Prime Beef Brisket;Moist Cut (8ND6FARY9B1YM) $0.00;16.11;0
1/2 Lb Sliced Prime Beef Brisket;Moist Cut (8ND6FARY9B1YM) $0.00;16.11;0
1/2 Lb Sliced Prime Beef Brisket;Moist Cut (8ND6FARY9B1YM) $0.00;16.11;0
1/2 Lb Sliced Prime Beef Brisket;Moist Cut (8ND6FARY9B1YM) $0.00;16.11;0
1/2 Lb Sliced Prime Beef Brisket;Moist Cut (8ND6FARY9B1YM) $0.00;16.11;0
1/2 Lb Sliced Prime Beef Brisket;Moist Cut (8ND6FARY9B1YM) $0.00;16.11;0
1/2 Lb Sliced Prime Beef Brisket;Moist Cut (8ND6FARY9B1YM) $0.00;16.11;0
1/2 Lb Sliced Prime Beef Brisket;Moist Cut (8ND6FARY9B1YM) $0.00;16.11;0
1/2 Lb Sliced Prime Beef Brisket;Moist Cut (8ND6FARY9B1YM) $0.00;16.11;0
1/2 Lb Sliced Prime Beef Brisket;Moist Cut (8ND6FARY9B1YM) $0.00;16.11;0
1/2 Lb Sliced Prime Beef Brisket;Moist Cut (8ND6FARY9B1YM) $0.00;16.11;0
1/2 Lb Sliced Prime Beef Brisket;Moist Cut (8ND6FARY9B1YM) $0.00;16.11;0
1/2 Lb Sliced Prime Beef Brisket;Moist Cut (8ND6FARY9B1YM) $0.00;16.11;0
1/2 Lb Sliced Prime Beef Brisket;Moist Cut (8ND6FARY9B1YM) $0.00;16.11;0
1/2 Lb Sliced Prime Beef Brisket;Moist Cut (8ND6FARY9B1YM) $0.00;16.11;0
1/2 Lb Sliced Prime Beef Brisket;Moist Cut (8ND6FARY9B1YM) $0.00;16.11;0
1/2 Lb Sliced Prime Beef Brisket;Moist Cut (8ND6FARY9B1YM) $0.00;16.11;0
1/2 Lb Sliced Prime Beef Brisket;Moist Cut (8ND6FARY9B1YM) $0.00;16.11;0
1/2 Lb Sliced Prime Beef Brisket;Moist Cut (8ND6FARY9B1YM) $0.00;16.11;0
1/2 Lb Sliced Prime Beef Brisket;Moist Cut (8ND6FARY9B1YM) $0.00;16.11;0
1/2 Lb Sliced Prime Beef Brisket;Moist Cut (8ND6FARY9B1YM) $0.00;16.11;0
1/2 Lb Sliced Prime Beef Brisket;Moist Cut (8ND6FARY9B1YM) $0.00;16.11;0
1/2 Lb Sliced Prime Beef Brisket;Moist Cut (8ND6FARY9B1YM) $0.00;16.11;0
1/2 Lb Sliced Prime Beef Brisket;Moist Cut (8ND6FARY9B1YM) $0.00;16.11;0
1/2 Lb Sliced Prime Beef Brisket;Moist Cut (8ND6FARY9B1YM) $0.00;16.11;0
1/2 Lb Sliced Prime Beef Brisket;Moist Cut (8ND6FARY9B1YM) $0.00;16.11;0
1/2 Lb Sliced Prime Beef Brisket;Moist Cut (8ND6FARY9B1YM) $0.00;16.11;0
1/2 Lb Sliced Prime Beef Brisket;Moist Cut (8ND6FARY9B1YM) $0.00;16.11;0
1/2 Lb Sliced Prime Beef Brisket;Moist Cut (8ND6FARY9B1YM) $0.00;16.11;0
1/2 Lb Sliced Prime Beef Brisket;Moist Cut (8ND6FARY9B1YM) $0.00;16.11;0
1/2 Lb Sliced Prime Beef Brisket;Moist Cut (8ND6FARY9B1YM) $0.00;16.11;0
1/2 Lb Sliced Prime Beef Brisket;Moist Cut (8ND6FARY9B1YM) $0.00;16.11;0
1/2 Lb Sliced Prime Beef Brisket;Moist Cut (8ND6FARY9B1YM) $0.00;16.11;0
1/2 Lb Sliced Prime Beef Brisket;Moist Cut (8ND6FARY9B1YM) $0.00;16.11;0
1/2 Lb Sliced Prime Beef Brisket;"Moist Cut (8ND6FARY9B1YM) $0.00
Extra Sauce (6XSVZ0X0DBK6J) $0.00";16.11;0
1/2 Lb Sliced Prime Beef Brisket;"Moist Cut (8ND6FARY9B1YM) $0.00
Extra Sauce (6XSVZ0X0DBK6J) $0.00";16.11;0
1/2 Lb Sliced Prime Beef Brisket;"Moist Cut (8ND6FARY9B1YM) $0.00
No Sauce (FZ7MZM65H1F9T) $0.00";16.11;0
1/2 Lb Sliced Prime Beef Brisket;"Moist Cut (8ND6FARY9B1YM) $0.00
No Sauce (FZ7MZM65H1F9T) $0.00";16.11;0
1/2 Lb Sliced Prime Beef Brisket;"Moist Cut (8ND6FARY9B1YM) $0.00
No Sauce (FZ7MZM65H1F9T) $0.00";16.11;0
1/2 Lb Sliced Prime Beef Brisket;"Moist Cut (8ND6FARY9B1YM) $0.00
No Sauce (FZ7MZM65H1F9T) $0.00";16.11;0
1/2 Lb Sliced Prime Beef Brisket;"Moist Cut (8ND6FARY9B1YM) $0.00
No Sauce (FZ7MZM65H1F9T) $0.00";16.11;0
1/2 Lb Sliced Prime Beef Brisket;"Moist Cut (8ND6FARY9B1YM) $0.00
No Sauce (FZ7MZM65H1F9T) $0.00";16.11;0
1/2 Lb Sliced Prime Beef Brisket;"Moist Cut (8ND6FARY9B1YM) $0.00
No Sauce (FZ7MZM65H1F9T) $0.00";16.11;0
1/2 Lb Sliced Prime Beef Brisket;"Moist Cut (8ND6FARY9B1YM) $0.00
No Sauce (FZ7MZM65H1F9T) $0.00";16.11;0
1/2 Lb Sliced Prime Beef Brisket;"Moist Cut (8ND6FARY9B1YM) $0.00
No Sauce (FZ7MZM65H1F9T) $0.00";16.11;0
1/2 Lb Sliced Prime Beef Brisket;"Moist Cut (8ND6FARY9B1YM) $0.00
No Sauce (FZ7MZM65H1F9T) $0.00";16.11;0
1/2 Lb Sliced Prime Beef Brisket;"Moist Cut (8ND6FARY9B1YM) $0.00
No Sauce (FZ7MZM65H1F9T) $0.00";16.11;0
1/2 Lb Sliced Prime Beef Brisket;"Moist Cut (8ND6FARY9B1YM) $0.00
No Sauce (FZ7MZM65H1F9T) $0.00";16.11;0
1/2 Lb Sliced Prime Beef Brisket;"Moist Cut (8ND6FARY9B1YM) $0.00
No Sauce (FZ7MZM65H1F9T) $0.00";16.11;0
1/2 Lb Sliced Prime Beef Brisket;"Moist Cut (8ND6FARY9B1YM) $0.00
No Sauce (FZ7MZM65H1F9T) $0.00";16.11;0
1/2 Lb Sliced Prime Beef Brisket;"Moist Cut (8ND6FARY9B1YM) $0.00
No Sauce (FZ7MZM65H1F9T) $0.00";16.11;0
1/2 Lb Sliced Prime Beef Brisket;"No Sauce (FZ7MZM65H1F9T) $0.00
Moist Cut (8ND6FARY9B1YM) $0.00";16.11;0
1/2 Lb Prime Brisket Burnt Ends;A little sauce (J0GT697DQBGX2) $0.00;16.63;0
1/2 Lb Prime Brisket Burnt Ends;Extra Sauce (6XSVZ0X0DBK6J) $0.00;16.63;0
1/2 Lb Prime Brisket Burnt Ends;"Extra Sauce (6XSVZ0X0DBK6J) $0.00
Alabama Sauce (GQQ2T85CTFNAT) $0.00";16.63;0
1/2 Lb Prime Brisket Burnt Ends;No Sauce (FZ7MZM65H1F9T) $0.00;16.63;0
1/2 Lb Prime Brisket Burnt Ends;No Sauce (FZ7MZM65H1F9T) $0.00;16.63;0
1/2 Lb Certified Angus Beef Brisket;Mixed Moist & Lean  (JGRW4S7T6XEPC) $0.00;19.68;0
1/2 Lb Certified Angus Beef Brisket;Mixed Moist & Lean  (JGRW4S7T6XEPC) $0.00;19.68;0
1/2 Lb Certified Angus Beef Brisket;Moist Cut (8ND6FARY9B1YM) $0.00;19.68;0
1/2 Lb Certified Angus Beef Brisket;Moist Cut (8ND6FARY9B1YM) $0.00;19.68;0
1/2 Lb Certified Angus Beef Brisket;Moist Cut (8ND6FARY9B1YM) $0.00;19.68;0
1/2 Lb Certified Angus Beef Brisket;Moist Cut (8ND6FARY9B1YM) $0.00;19.68;0
1/2 Lb Certified Angus Beef Brisket;Moist Cut (8ND6FARY9B1YM) $0.00;19.68;0
1/2 Lb Certified Angus Beef Brisket;Moist Cut (8ND6FARY9B1YM) $0.00;19.68;0
1/2 Lb Certified Angus Beef Brisket;Moist Cut (8ND6FARY9B1YM) $0.00;19.68;0
1/2 Lb Certified Angus Beef Brisket;Moist Cut (8ND6FARY9B1YM) $0.00;19.68;0
1/2 Lb Certified Angus Beef Brisket;Moist Cut (8ND6FARY9B1YM) $0.00;19.68;0
1/2 Lb Certified Angus Beef Brisket;Moist Cut (8ND6FARY9B1YM) $0.00;19.68;0
1/2 Lb Certified Angus Beef Brisket;Moist Cut (8ND6FARY9B1YM) $0.00;19.68;0
1/2 Lb Certified Angus Beef Brisket;Moist Cut (8ND6FARY9B1YM) $0.00;19.68;0
1/2 Lb Certified Angus Beef Brisket;Moist Cut (8ND6FARY9B1YM) $0.00;19.68;0
1/2 Lb certified Angus Beef Brisket Burnt Ends;Alabama Sauce (GQQ2T85CTFNAT) $0.00;19.69;0
