Pulled Pork 1 LB;A little sauce (J0GT697DQBGX2) $0.00;29.16;0
Pulled Pork 1/2 LB;No Sauce (FZ7MZM65H1F9T) $0.00;14.58;0
Pulled Pork 1/2 LB;No Sauce (FZ7MZM65H1F9T) $0.00;14.58;0
Pulled Pork Mac Bowl;"Corn Bread Casserole (2W6H9D1P3KA74) $0.00
Country Beans (6TCZFGRY8519G) $0.00
Sweet Potato Casserole (2XX2MM3A12WTT) $0.00
Homemade Mild BBQ Sauce (V7590D03QW41A) $0.00
Sweet Deli Pickles (7TC4D8Q9SZGWW) $0.00
Loaded Mash Potato (J9ANSW32SACMM) $0.00";15.55;0
Pulled Pork Mac Bowl;"Country Beans (6TCZFGRY8519G) $0.00
Homemade Mild BBQ Sauce (V7590D03QW41A) $0.00";15.55;0
Pulled Pork Mac Bowl;"Green Beans (VCWJPZ8WYNY8M) $0.00
Corn Bread Casserole (2W6H9D1P3KA74) $0.00
Homemade Mild BBQ Sauce (V7590D03QW41A) $0.00";15.55;0
Pulled Pork Mac Bowl;"Green Beans (VCWJPZ8WYNY8M) $0.00
Sweet Potato Casserole (2XX2MM3A12WTT) $0.00
Homemade Mild BBQ Sauce (V7590D03QW41A) $0.00";15.55;0
Pulled Pork Mac Bowl;Homemade Mild BBQ Sauce (V7590D03QW41A) $0.00;15.55;0
Reg Pulled Pork Sandwich 1/3 Lb;A little sauce (J0GT697DQBGX2) $0.00;10.39;0
Reg Pulled Pork Sandwich 1/3 Lb;A little sauce (J0GT697DQBGX2) $0.00;10.39;0
Reg Pulled Pork Sandwich 1/3 Lb;A little sauce (J0GT697DQBGX2) $0.00;10.39;0
Reg Pulled Pork Sandwich 1/3 Lb;Alabama Sauce (GQQ2T85CTFNAT) $0.00;10.39;0
Reg Pulled Pork Sandwich 1/3 Lb;Alabama Sauce (GQQ2T85CTFNAT) $0.00;10.39;0
Reg Pulled Pork Sandwich 1/3 Lb;Extra Sauce (6XSVZ0X0DBK6J) $0.00;10.39;0
Reg Pulled Pork Sandwich 1/3 Lb;Extra Sauce (6XSVZ0X0DBK6J) $0.00;10.39;0
Reg Pulled Pork Sandwich 1/3 Lb;No Sauce (FZ7MZM65H1F9T) $0.00;10.39;0
Reg Pulled Pork Sandwich 1/3 Lb;Some sauce not too much (785DM30WQ2ZAA) $0.00;13.95;0
Reg Pulled Pork Sandwich 1/3 Lb;Some Sauce Not Too Much (785DM30WQ2ZAA) $0.00;10.39;0
Reg Pulled Pork Sandwich 1/3 Lb;Some sauce not too much (785DM30WQ2ZAA) $0.00;10.39;0
Reg Pulled Pork Sandwich 1/3 Lb;Some sauce not too much (785DM30WQ2ZAA) $0.00;10.39;0
Reg Pulled Pork Sandwich 1/3 Lb;Some sauce not too much (785DM30WQ2ZAA) $0.00;10.39;0
Reg Pulled Pork Sandwich 1/3 Lb;Some sauce not too much (785DM30WQ2ZAA) $0.00;10.39;0
Reg Pulled Pork Sandwich 1/3 Lb;Some sauce not too much (785DM30WQ2ZAA) $0.00;10.39;0
Sloppy Hog Sandwich;Extra Sauce (6XSVZ0X0DBK6J) $0.00;11.43;0
Sloppy Hog Sandwich;Extra Sauce (6XSVZ0X0DBK6J) $0.00;11.43;0
Sloppy Hog Sandwich;Extra Sauce (6XSVZ0X0DBK6J) $0.00;11.43;0
Sloppy Hog Sandwich;Some sauce not too much (785DM30WQ2ZAA) $0.00;11.43;0
Lg Pulled Pork Sandwich 1/2 Lb;A little sauce (J0GT697DQBGX2) $0.00;14.58;0
Lg Pulled Pork Sandwich 1/2 Lb;Extra Sauce (6XSVZ0X0DBK6J) $0.00;14.58;0
