Full Slab Rib;"A little sauce (J0GT697DQBGX2) $0.00
KC Ribs (8WTF6V0TNZ18R) $0.00";32.22;0
Full Slab Rib;"A little sauce (J0GT697DQBGX2) $0.00
KC Ribs (8WTF6V0TNZ18R) $0.00";32.22;0
Full Slab Rib;"A little sauce (J0GT697DQBGX2) $0.00
Texas Ribs (M4J4CC2WEMRTP) $0.00";32.22;0
Full Slab Rib;"Alabama Sauce (GQQ2T85CTFNAT) $0.00
KC Ribs (8WTF6V0TNZ18R) $0.00";32.22;0
Full Slab Rib;KC Ribs (8WTF6V0TNZ18R) $0.00;32.22;0
Full Slab Rib;"No Sauce (FZ7MZM65H1F9T) $0.00
Texas Ribs (M4J4CC2WEMRTP) $0.00";32.22;0
Full Slab Rib;"Texas Ribs (M4J4CC2WEMRTP) $0.00
No Sauce (FZ7MZM65H1F9T) $0.00";39;0
1/2 Slab Rib;"Alabama Sauce (GQQ2T85CTFNAT) $0.00
KC Ribs (8WTF6V0TNZ18R) $0.00";19.71;0
1/2 Slab Rib;"Alabama Sauce (GQQ2T85CTFNAT) $0.00
Texas Ribs (M4J4CC2WEMRTP) $0.00";19.71;0
1/2 Slab Rib;"Alabama Sauce (GQQ2T85CTFNAT) $0.00
Texas Ribs (M4J4CC2WEMRTP) $0.00";19.71;0
1/2 Slab Rib;"Extra Sauce (6XSVZ0X0DBK6J) $0.00
KC Ribs (8WTF6V0TNZ18R) $0.00";25;0
1/2 Slab Rib;"Extra Sauce (6XSVZ0X0DBK6J) $0.00
KC Ribs (8WTF6V0TNZ18R) $0.00";19.71;0
1/2 Slab Rib;"Extra Sauce (6XSVZ0X0DBK6J) $0.00
KC Ribs (8WTF6V0TNZ18R) $0.00";19.71;0
1/2 Slab Rib;"Extra Sauce (6XSVZ0X0DBK6J) $0.00
KC Ribs (8WTF6V0TNZ18R) $0.00";19.71;0
1/2 Slab Rib;"Extra Sauce (6XSVZ0X0DBK6J) $0.00
KC Ribs (8WTF6V0TNZ18R) $0.00";19.71;0
1/2 Slab Rib;"Extra Sauce (6XSVZ0X0DBK6J) $0.00
Texas Ribs (M4J4CC2WEMRTP) $0.00";19.71;0
1/2 Slab Rib;"Extra Sauce (6XSVZ0X0DBK6J) $0.00
Texas Ribs (M4J4CC2WEMRTP) $0.00";19.71;0
1/2 Slab Rib;"Extra Sauce (6XSVZ0X0DBK6J) $0.00
Texas Ribs (M4J4CC2WEMRTP) $0.00";19.71;0
1/2 Slab Rib;"No Sauce (FZ7MZM65H1F9T) $0.00
KC Ribs (8WTF6V0TNZ18R) $0.00";19.71;0
1/2 Slab Rib;"No Sauce (FZ7MZM65H1F9T) $0.00
KC Ribs (8WTF6V0TNZ18R) $0.00";19.71;0
1/2 Slab Rib;"No Sauce (FZ7MZM65H1F9T) $0.00
KC Ribs (8WTF6V0TNZ18R) $0.00";19.71;0
1/2 Slab Rib;"Some sauce not too much (785DM30WQ2ZAA) $0.00
KC Ribs (8WTF6V0TNZ18R) $0.00";19.71;0
1/2 Slab Rib;"Texas Ribs (M4J4CC2WEMRTP) $0.00
Extra Sauce (6XSVZ0X0DBK6J) $0.00";19.71;0
1/4 Slab Rib;"Extra Sauce (6XSVZ0X0DBK6J) $0.00
KC Ribs (8WTF6V0TNZ18R) $0.00";10.35;0
1/4 Slab Rib;"Extra Sauce (6XSVZ0X0DBK6J) $0.00
KC Ribs (8WTF6V0TNZ18R) $0.00";10.35;0
1/4 Slab Rib;"No Sauce (FZ7MZM65H1F9T) $0.00
KC Ribs (8WTF6V0TNZ18R) $0.00";10.35;0
1/4 Slab Rib;"No Sauce (FZ7MZM65H1F9T) $0.00
KC Ribs (8WTF6V0TNZ18R) $0.00";10.35;0
1/4 Slab Rib;"Some sauce not too much (785DM30WQ2ZAA) $0.00
KC Ribs (8WTF6V0TNZ18R) $0.00";12.5;0
1/4 Slab Rib;"Some sauce not too much (785DM30WQ2ZAA) $0.00
KC Ribs (8WTF6V0TNZ18R) $0.00";10.35;0
