1 LB Certified Angus Beef Brisket;;39.2
1 LB Certified Angus Beef Brisket;;39.2
1 LB Certified Angus Beef Brisket;;39.2
1 LB Certified Angus Beef Brisket;;39.2
1 LB Certified Angus Beef Brisket;;39.2
1 LB Certified Angus Beef Brisket;;39.2
1 LB Certified Angus Beef Brisket;;39.2
1 LB Certified Angus Beef Brisket;;39.2
Reg Sliced Brisket Sandwich 1/3 Lb;;16.95
Reg Sliced Brisket Sandwich 1/3 Lb;;16.95
Reg Sliced Brisket Sandwich 1/3 Lb;;16.95
Reg Sliced Brisket Sandwich 1/3 Lb;;16.95
Reg Sliced Brisket Sandwich 1/3 Lb;;16.95
Reg Sliced Brisket Sandwich 1/3 Lb;;16.95
Reg Sliced Brisket Sandwich 1/3 Lb;;16.95
Reg Sliced Brisket Sandwich 1/3 Lb;;16.95
Reg Sliced Brisket Sandwich 1/3 Lb;;16.95
Reg Sliced Brisket Sandwich 1/3 Lb;;16.95
Reg Sliced Brisket Sandwich 1/3 Lb;;16.95
Reg Sliced Brisket Sandwich 1/3 Lb;;16.95
Reg Sliced Brisket Sandwich 1/3 Lb;;16.95
Reg Sliced Brisket Sandwich 1/3 Lb;;16.95
Reg Sliced Brisket Sandwich 1/3 Lb;;14.13
Reg Sliced Brisket Sandwich 1/3 Lb;;14.13
Reg Sliced Brisket Sandwich 1/3 Lb;;14.13
Reg Sliced Brisket Sandwich 1/3 Lb;;14.13
Reg Sliced Brisket Sandwich 1/3 Lb;;14.13
Reg Sliced Brisket Sandwich 1/3 Lb;;14.13
Reg Sliced Brisket Sandwich 1/3 Lb;;14.13
Reg Sliced Brisket Sandwich 1/3 Lb;;14.13
Reg Sliced Brisket Sandwich 1/3 Lb;;14.13
Reg Sliced Brisket Sandwich 1/3 Lb;;14.13
Reg Sliced Brisket Sandwich 1/3 Lb;;14.13
Reg Sliced Brisket Sandwich 1/3 Lb;;14.13
Reg Sliced Brisket Sandwich 1/3 Lb;;14.13
Reg Sliced Brisket Sandwich 1/3 Lb;;14.13
Reg Sliced Brisket Sandwich 1/3 Lb;;14.13
Reg Sliced Brisket Sandwich 1/3 Lb;;14.13
Reg Sliced Brisket Sandwich 1/3 Lb;;14.13
Reg Sliced Brisket Sandwich 1/3 Lb;;14.13
Reg Sliced Brisket Sandwich 1/3 Lb;;14.13
Reg Sliced Brisket Sandwich 1/3 Lb;;14.13
Reg Sliced Brisket Sandwich 1/3 Lb;;14.13
Reg Sliced Brisket Sandwich 1/3 Lb;;14.13
Reg Sliced Brisket Sandwich 1/3 Lb;;14.13
Reg Sliced Brisket Sandwich 1/3 Lb;;14.13
Reg Sliced Brisket Sandwich 1/3 Lb;;14.13
Reg Sliced Brisket Sandwich 1/3 Lb;;14.13
Reg Sliced Brisket Sandwich 1/3 Lb;;14.13
Reg Sliced Brisket Sandwich 1/3 Lb;;14.13
Reg Sliced Brisket Sandwich 1/3 Lb;;14.13
Reg Sliced Brisket Sandwich 1/3 Lb;;14.13
Reg Sliced Brisket Sandwich 1/3 Lb;;14.13
Reg Sliced Brisket Sandwich 1/3 Lb;;14.13
Reg Sliced Brisket Sandwich 1/3 Lb;;14.13
Reg Sliced Brisket Sandwich 1/3 Lb;;14.13
Reg Sliced Brisket Sandwich 1/3 Lb;;14.13
Reg Sliced Brisket Sandwich 1/3 Lb;;14.13
Reg Sliced Brisket Sandwich 1/3 Lb;;14.13
Reg Sliced Brisket Sandwich 1/3 Lb;;14.13
Reg Sliced Brisket Sandwich 1/3 Lb;;14.13
Reg Sliced Brisket Sandwich 1/3 Lb;;14.13
Reg Sliced Brisket Sandwich 1/3 Lb;;14.13
Reg Sliced Brisket Sandwich 1/3 Lb;;14.13
Reg Sliced Brisket Sandwich 1/3 Lb;;14.13
Reg Sliced Brisket Sandwich 1/3 Lb;;14.13
Reg Sliced Brisket Sandwich 1/3 Lb;;14.13
Reg Sliced Brisket Sandwich 1/3 Lb;;14.13
Reg Sliced Brisket Sandwich 1/3 Lb;;14.13
Reg Sliced Brisket Sandwich 1/3 Lb;;14.13
Reg Sliced Brisket Sandwich 1/3 Lb;;14.13
Reg Sliced Brisket Sandwich 1/3 Lb;;14.13
Reg Sliced Brisket Sandwich 1/3 Lb;;14.13
Reg Sliced Brisket Sandwich 1/3 Lb;;14.13
Reg Sliced Brisket Sandwich 1/3 Lb;;14.13
Reg Sliced Brisket Sandwich 1/3 Lb;;14.13
Reg Sliced Brisket Sandwich 1/3 Lb;;14.13
Reg Sliced Brisket Sandwich 1/3 Lb;;14.13
Reg Sliced Brisket Sandwich 1/3 Lb;;14.13
Reg Sliced Brisket Sandwich 1/3 Lb;;14.13
Reg Sliced Brisket Sandwich 1/3 Lb;;14.13
Reg Sliced Brisket Sandwich 1/3 Lb;;14.13
Reg Sliced Brisket Sandwich 1/3 Lb;;14.13
Reg Sliced Brisket Sandwich 1/3 Lb;;14.13
Reg Sliced Brisket Sandwich 1/3 Lb;;14.13
Reg Sliced Brisket Sandwich 1/3 Lb;;14.13
Reg Sliced Brisket Sandwich 1/3 Lb;;14.13
Reg Sliced Brisket Sandwich 1/3 Lb;;14.13
Reg Sliced Brisket Sandwich 1/3 Lb;;14.13
Reg Sliced Brisket Sandwich 1/3 Lb;;14.13
Reg Sliced Brisket Sandwich 1/3 Lb;;14.13
Reg Sliced Brisket Sandwich 1/3 Lb;;14.13
Reg Sliced Brisket Sandwich 1/3 Lb;;14.13
Reg Sliced Brisket Sandwich 1/3 Lb;;14.13
Reg Sliced Brisket Sandwich 1/3 Lb;;14.13
Reg Sliced Brisket Sandwich 1/3 Lb;;14.13
Reg Sliced Brisket Sandwich 1/3 Lb;;14.13
Reg Sliced Brisket Sandwich 1/3 Lb;;14.13
Reg Sliced Brisket Sandwich 1/3 Lb;;14.13
Reg Sliced Brisket Sandwich 1/3 Lb;;14.13
Reg Sliced Brisket Sandwich 1/3 Lb;;14.13
Reg Sliced Brisket Sandwich 1/3 Lb;;14.13
Reg Sliced Brisket Sandwich 1/3 Lb;;14.13
Reg Sliced Brisket Sandwich 1/3 Lb;;14.13
Reg Sliced Brisket Sandwich 1/3 Lb;;14.13
Reg Sliced Brisket Sandwich 1/3 Lb;;14.13
Reg Sliced Brisket Sandwich 1/3 Lb;;14.13
Reg Sliced Brisket Sandwich 1/3 Lb;;14.13
Reg Sliced Brisket Sandwich 1/3 Lb;;14.13
Reg Sliced Brisket Sandwich 1/3 Lb;;14.13
Reg Sliced Brisket Sandwich 1/3 Lb;;14.13
Reg Sliced Brisket Sandwich 1/3 Lb;;14.13
Reg Sliced Brisket Sandwich 1/3 Lb;;14.13
Reg Sliced Brisket Sandwich 1/3 Lb;;14.13
Reg Sliced Brisket Sandwich 1/3 Lb;;14.13
Reg Sliced Brisket Sandwich 1/3 Lb;;14.13
Reg Sliced Brisket Sandwich 1/3 Lb;;14.13
Reg Sliced Brisket Sandwich 1/3 Lb;;14.13
Reg Sliced Brisket Sandwich 1/3 Lb;;14.13
Reg Sliced Brisket Sandwich 1/3 Lb;;14.13
Reg Sliced Brisket Sandwich 1/3 Lb;;14.13
Reg Sliced Brisket Sandwich 1/3 Lb;;14.13
Reg Sliced Brisket Sandwich 1/3 Lb;;14.13
Reg Sliced Brisket Sandwich 1/3 Lb;;14.13
Reg Sliced Brisket Sandwich 1/3 Lb;;14.13
Reg Sliced Brisket Sandwich 1/3 Lb;;14.13
Reg Sliced Brisket Sandwich 1/3 Lb;;14.13
Reg Sliced Brisket Sandwich 1/3 Lb;;14.13
Reg Sliced Brisket Sandwich 1/3 Lb;;14.13
Reg Sliced Brisket Sandwich 1/3 Lb;;14.13
Reg Sliced Brisket Sandwich 1/3 Lb;;14.13
Reg Sliced Brisket Sandwich 1/3 Lb;;14.13
Reg Sliced Brisket Sandwich 1/3 Lb;;14.13
Reg Sliced Brisket Sandwich 1/3 Lb;;14.13
Reg Sliced Brisket Sandwich 1/3 Lb;;14.13
Reg Sliced Brisket Sandwich 1/3 Lb;;14.13
Reg Sliced Brisket Sandwich 1/3 Lb;;14.13
Reg Sliced Brisket Sandwich 1/3 Lb;;14.13
Reg Sliced Brisket Sandwich 1/3 Lb;;14.13
Reg Sliced Brisket Sandwich 1/3 Lb;;14.13
Reg Sliced Brisket Sandwich 1/3 Lb;;14.13
Reg Sliced Brisket Sandwich 1/3 Lb;;14.13
Reg Sliced Brisket Sandwich 1/3 Lb;;14.13
Reg Sliced Brisket Sandwich 1/3 Lb;;14.13
Reg Sliced Brisket Sandwich 1/3 Lb;;14.13
Reg Sliced Brisket Sandwich 1/3 Lb;;14.13
Reg Sliced Brisket Sandwich 1/3 Lb;;14.13
Reg Sliced Brisket Sandwich 1/3 Lb;;14.13
Reg Sliced Brisket Sandwich 1/3 Lb;;14.13
Reg Sliced Brisket Sandwich 1/3 Lb;;14.13
Reg Sliced Brisket Sandwich 1/3 Lb;;14.13
Reg Sliced Brisket Sandwich 1/3 Lb;;14.13
Reg Sliced Brisket Sandwich 1/3 Lb;;14.13
Reg Sliced Brisket Sandwich 1/3 Lb;;14.13
Reg Chopped Prime Angus Beef Brisket Sandwich 1/3 Lb;;16.95
Reg Chopped Prime Angus Beef Brisket Sandwich 1/3 Lb;;16.95
Reg Chopped Prime Angus Beef Brisket Sandwich 1/3 Lb;;16.95
Reg Chopped Prime Angus Beef Brisket Sandwich 1/3 Lb;;14.13
Reg Chopped Prime Angus Beef Brisket Sandwich 1/3 Lb;;14.13
Reg Chopped Prime Angus Beef Brisket Sandwich 1/3 Lb;;14.13
Reg Chopped Prime Angus Beef Brisket Sandwich 1/3 Lb;;14.13
Reg Chopped Prime Angus Beef Brisket Sandwich 1/3 Lb;;14.13
Reg Chopped Prime Angus Beef Brisket Sandwich 1/3 Lb;;14.13
Reg Chopped Prime Angus Beef Brisket Sandwich 1/3 Lb;;14.13
Reg Chopped Prime Angus Beef Brisket Sandwich 1/3 Lb;;14.13
Reg Chopped Prime Angus Beef Brisket Sandwich 1/3 Lb;;14.13
Reg Chopped Prime Angus Beef Brisket Sandwich 1/3 Lb;;14.13
Reg Chopped Prime Angus Beef Brisket Sandwich 1/3 Lb;;14.13
Reg Chopped Prime Angus Beef Brisket Sandwich 1/3 Lb;;14.13
Reg Chopped Prime Angus Beef Brisket Sandwich 1/3 Lb;;14.13
Reg Chopped Prime Angus Beef Brisket Sandwich 1/3 Lb;;14.13
Reg Chopped Prime Angus Beef Brisket Sandwich 1/3 Lb;;14.13
Reg Chopped Prime Angus Beef Brisket Sandwich 1/3 Lb;;14.13
Reg Chopped Prime Angus Beef Brisket Sandwich 1/3 Lb;;14.13
Reg Chopped Prime Angus Beef Brisket Sandwich 1/3 Lb;;14.13
Reg Chopped Prime Angus Beef Brisket Sandwich 1/3 Lb;;14.13
Reg Chopped Prime Angus Beef Brisket Sandwich 1/3 Lb;;14.13
Reg Chopped Prime Angus Beef Brisket Sandwich 1/3 Lb;;14.13
Reg Chopped Prime Angus Beef Brisket Sandwich 1/3 Lb;;14.13
Reg Chopped Prime Angus Beef Brisket Sandwich 1/3 Lb;;14.13
Reg Chopped Prime Angus Beef Brisket Sandwich 1/3 Lb;;14.13
Reg Chopped Prime Angus Beef Brisket Sandwich 1/3 Lb;;14.13
Reg Chopped Prime Angus Beef Brisket Sandwich 1/3 Lb;;14.13
Reg Chopped Prime Angus Beef Brisket Sandwich 1/3 Lb;;14.13
Reg Chopped Prime Angus Beef Brisket Sandwich 1/3 Lb;;14.13
Reg Chopped Prime Angus Beef Brisket Sandwich 1/3 Lb;;14.13
Reg Chopped Prime Angus Beef Brisket Sandwich 1/3 Lb;;14.13
Reg Chopped Prime Angus Beef Brisket Sandwich 1/3 Lb;;14.13
Reg Chopped Prime Angus Beef Brisket Sandwich 1/3 Lb;;14.13
Reg Chopped Prime Angus Beef Brisket Sandwich 1/3 Lb;;14.13
Reg Chopped Prime Angus Beef Brisket Sandwich 1/3 Lb;;14.13
Reg Chopped Prime Angus Beef Brisket Sandwich 1/3 Lb;;14.13
Reg Chopped Prime Angus Beef Brisket Sandwich 1/3 Lb;;14.13
Reg Chopped Prime Angus Beef Brisket Sandwich 1/3 Lb;;14.13
Reg Chopped Prime Angus Beef Brisket Sandwich 1/3 Lb;;14.13
Reg Chopped Prime Angus Beef Brisket Sandwich 1/3 Lb;;14.13
Reg Chopped Prime Angus Beef Brisket Sandwich 1/3 Lb;;14.13
Reg Chopped Prime Angus Beef Brisket Sandwich 1/3 Lb;;14.13
Reg Chopped Prime Angus Beef Brisket Sandwich 1/3 Lb;;14.13
Reg Chopped Prime Angus Beef Brisket Sandwich 1/3 Lb;;14.13
Reg Chopped Prime Angus Beef Brisket Sandwich 1/3 Lb;;14.13
Reg Chopped Prime Angus Beef Brisket Sandwich 1/3 Lb;;14.13
Reg Chopped Prime Angus Beef Brisket Sandwich 1/3 Lb;;14.13
Reg Chopped Prime Angus Beef Brisket Sandwich 1/3 Lb;;14.13
Prepaid Smoked Prime Brisket;;1350
Prepaid Smoked Prime Brisket;;1350
Smoked Prime Brisket;;270
Smoked Prime Brisket;;405
Lg Sliced Brisket Sandwich 1/2 Lb;;17.49
Lg Sliced Brisket Sandwich 1/2 Lb;;17.49
Lg Sliced Brisket Sandwich 1/2 Lb;;17.49
Lg Sliced Brisket Sandwich 1/2 Lb;;17.49
Lg Sliced Brisket Sandwich 1/2 Lb;;17.49
Lg Sliced Brisket Sandwich 1/2 Lb;;17.49
Lg Sliced Brisket Sandwich 1/2 Lb;;17.49
Lg Sliced Brisket Sandwich 1/2 Lb;;17.49
Lg Sliced Brisket Sandwich 1/2 Lb;;17.49
Lg Sliced Brisket Sandwich 1/2 Lb;;17.49
Lg Sliced Brisket Sandwich 1/2 Lb;;17.49
Lg Sliced Brisket Sandwich 1/2 Lb;;17.49
Lg Sliced Brisket Sandwich 1/2 Lb;;17.49
Lg Sliced Brisket Sandwich 1/2 Lb;;17.49
Lg Sliced Brisket Sandwich 1/2 Lb;;17.49
Lg Sliced Brisket Sandwich 1/2 Lb;;17.49
Lg Sliced Brisket Sandwich 1/2 Lb;;17.49
Lg Sliced Brisket Sandwich 1/2 Lb;;17.49
Lg Sliced Brisket Sandwich 1/2 Lb;;17.49
Lg Sliced Brisket Sandwich 1/2 Lb;;17.49
Lg Sliced Brisket Sandwich 1/2 Lb;;17.49
Lg Sliced Brisket Sandwich 1/2 Lb;;17.49
Lg Sliced Brisket Sandwich 1/2 Lb;;17.49
Lg Chopped Prime Angus Brisket Sandwich 1/2 Lb;;17.49
Lg Chopped Prime Angus Brisket Sandwich 1/2 Lb;;17.49
Lg Chopped Prime Angus Brisket Sandwich 1/2 Lb;;17.49
Lg Chopped Prime Angus Brisket Sandwich 1/2 Lb;;17.49
Lg Chopped Prime Angus Brisket Sandwich 1/2 Lb;;17.49
Brisket Tower;;22.83
Brisket Tower;;22.83
Brisket Tower;;22.83
Brisket Tower;;22.83
Brisket Tower;;22.83
Brisket Tower;;22.83
Brisket Tower;;22.83
Brisket Tower;;22.83
Brisket Tower;;22.83
Brisket Tower;;22.83
Brisket Mac Bowl;;15.55
Brisket Mac Bowl;;15.55
Brisket Mac Bowl;;15.55
Brisket Mac Bowl;;15.55
Brisket Mac Bowl;;15.55
Brisket Mac Bowl;;15.55
Brisket Mac Bowl;;15.55
Brisket Mac Bowl;;15.55
Brisket Mac Bowl;;15.55
Brisket Mac Bowl;;15.55
Brisket Mac Bowl;;15.55
Brisket Mac Bowl;;15.55
Brisket Mac Bowl;;15.55
Brisket Mac Bowl;;15.55
Brisket Mac Bowl;;15.55
Brisket Mac Bowl;;15.55
Brisket Mac Bowl;;15.55
Brisket Mac Bowl;;15.55
Brisket Mac Bowl;;15.55
Brisket Mac Bowl;;15.55
Brisket Mac Bowl;;15.55
Brisket Mac Bowl;;15.55
Brisket Mac Bowl;;15.55
Brisket Mac Bowl;;15.55
Brisket Mac Bowl;;15.55
Brisket Mac Bowl;;15.55
Brisket Mac Bowl;;15.55
Brisket Mac Bowl;;15.55
Brisket Mac Bowl;;15.55
Brisket Mac Bowl;;15.55
Brisket Mac Bowl;;15.55
Brisket Mac Bowl;;15.55
Brisket Mac Bowl;;15.55
Brisket Mac Bowl;;15.55
Brisket Mac Bowl;;15.55
Brisket Mac Bowl;;15.55
Brisket Mac Bowl;;15.55
Brisket Mac Bowl;;15.55
Brisket Mac Bowl;;15.55
Brisket Mac Bowl;;15.55
Brisket Mac Bowl;;15.55
Brisket Mac Bowl;;15.55
Brisket Mac Bowl;;15.55
Brisket Mac Bowl;;15.55
Brisket Mac Bowl;;15.55
Brisket Mac Bowl;;15.55
Brisket Mac Bowl;;15.55
Brisket Mac Bowl;;15.55
Brisket Mac Bowl;;15.55
Brisket Mac Bowl;;15.55
Brisket Mac Bowl;;15.55
Brisket Mac Bowl;;15.55
Brisket Mac Bowl;;15.55
Brisket Mac Bowl;;15.55
Brisket Mac Bowl;;15.55
Brisket Mac Bowl;;15.55
Brisket Mac Bowl;;15.55
Brisket Mac Bowl;;15.55
Brisket Mac Bowl;;15.55
Brisket Mac Bowl;;15.55
Brisket Mac Bowl;;15.55
Brisket Mac Bowl;;15.55
Brisket Mac Bowl;;15.55
Brisket Mac Bowl;;15.55
Brisket Mac Bowl;;15.55
Brisket Mac Bowl;;15.55
Brisket Mac Bowl;;15.55
Brisket Mac Bowl;;15.55
Brisket Mac Bowl;;15.55
Brisket Mac Bowl;;15.55
Brisket Mac Bowl;;15.55
Brisket Mac Bowl;;15.55
Brisket Mac Bowl;;15.55
Brisket Mac Bowl;;15.55
Brisket Mac Bowl;;15.55
Brisket Mac Bowl;;15.55
Brisket Mac Bowl;;15.55
Brisket Mac Bowl;;15.55
Brisket Mac Bowl;;15.55
Brisket Mac Bowl;;15.55
Brisket Mac Bowl;;15.55
Brisket Mac Bowl;;15.55
Brisket Mac Bowl;;15.55
Brisket Mac Bowl;;15.55
Brisket Mac Bowl;;15.55
Brisket Mac Bowl;;15.55
Brisket Mac Bowl;;15.55
Brisket Mac Bowl;;15.55
Brisket Mac Bowl;;15.55
Brisket Mac Bowl;;15.55
Brisket Mac Bowl;;15.55
Brisket Mac Bowl;;15.55
Brisket Mac Bowl;;15.55
Brisket Mac Bowl;;15.55
Brisket Mac Bowl;;15.55
Brisket Mac Bowl;;15.55
Brisket Mac Bowl;;15.55
Brisket Mac Bowl;;15.55
Brisket Mac Bowl;;15.55
Brisket Mac Bowl;;15.55
Brisket Mac Bowl;;15.55
Brisket Mac Bowl;;15.55
Brisket Mac Bowl;;15.55
Brisket Mac Bowl;;15.55
Brisket Mac Bowl;;15.55
Brisket Mac Bowl;;15.55
Brisket Mac Bowl;;15.55
Brisket Mac Bowl;;15.55
Brisket Mac Bowl;;15.55
Brisket Mac Bowl;;15.55
Brisket Mac Bowl;;15.55
Brisket Mac Bowl;;15.55
Brisket Mac Bowl;;15.55
Brisket Mac Bowl;;15.55
Brisket Mac Bowl;;15.55
Brisket Mac Bowl;;15.55
Brisket Mac Bowl;;15.55
Brisket Mac Bowl;;15.55
Brisket Mac Bowl;;15.55
Brisket Mac Bowl;;15.55
Brisket Mac Bowl;;15.55
Brisket Mac Bowl;;15.55
Brisket Mac Bowl;;15.55
Brisket Mac Bowl;;15.55
Brisket Mac Bowl;;15.55
Brisket Mac Bowl;;15.55
Brisket Mac Bowl;;15.55
Brisket Mac Bowl;;15.55
Brisket Mac Bowl;;15.55
Brisket Mac Bowl;;15.55
Brisket Mac Bowl;;15.55
Brisket Mac Bowl;;15.55
Brisket Mac Bowl;;15.55
Brisket Mac Bowl;;15.55
Brisket Mac Bowl;;15.55
Brisket Mac Bowl;;15.55
Brisket Mac Bowl;;15.55
Brisket Elote;;7.98
Brisket Elote;;7.98
Brisket Elote;;7.98
Brisket Elote;;7.98
Brisket Elote;;7.98
Brisket Elote;;7.98
Brisket Elote;;7.98
Brisket Elote;;7.98
Brisket Elote;;7.98
Brisket Elote;;7.98
Brisket Elote;;7.98
Brisket Elote;;7.98
Brisket Elote;;7.98
Brisket Elote;;7.98
Brisket Elote;;7
Brisket Elote;;7
Brisket Elote;;7
Brisket Elote;;7
Brisket Elote;;7
Brisket Elote;;7
Brisket Elote;;7
Brisket Elote;;7
Brisket Elote;;7
Brisket Elote;;7
Brisket Elote;;7
Brisket Elote;;7
Brisket Elote;;7
Brisket Elote;;7
Brisket Elote;;7
Brisket Elote;;7
Brisket Elote;;7
Brisket Elote;;7
Brisket Elote;;7
Brisket Elote;;7
Brisket Elote;;7
Brisket Elote;;7
Brisket Elote;;7
Brisket Elote;;7
Brisket Elote;;7
Brisket Elote;;7
Brisket Elote;;7
Brisket Elote;;7
Brisket Elote;;7
Brisket Elote;;7
Brisket Elote;;7
Brisket Elote;;7
Brisket Elote;;7
Brisket Elote;;7
Brisket Elote;;7
Brisket Elote;;7
Brisket Elote;;7
Brisket Elote;;7
Brisket Elote;;7
Brisket Elote;;7
Brisket Elote;;7
Brisket Elote;;7
Brisket Elote;;7
Brisket Elote;;7
Brisket Elote;;7
Brisket Elote;;7
Brisket Elote;;7
Brisket Elote;;7
Brisket Elote;;7
Brisket Elote;;7
Brisket Elote;;7
Brisket Elote;;7
Brisket Elote;;7
Brisket Elote;;7
Brisket Elote;;7
Brisket Elote;;7
Brisket Elote;;7
Brisket Elote;;7
Brisket Elote;;7
Brisket Elote;;7
Brisket Elote;;7
Brisket Elote;;7
Brisket Elote;;7
Brisket Elote;;7
Brisket Elote;;7
Brisket Elote;;7
Brisket Elote;;7
Angus Prime Beef Brisket;;33.51
Angus Prime Beef Brisket;;33.51
Angus Prime Beef Brisket;;33.51
Angus Prime Beef Brisket;;33.51
Angus Prime Beef Brisket;;33.51
Angus Prime Beef Brisket;;33.51
Angus Prime Beef Brisket;;33.51
Angus Prime Beef Brisket;;33.51
Angus Prime Beef Brisket;;33.51
5 LBS OR MORE Smoked Angus Brisket Per Lb;;28.6
5 LBS OR MORE Smoked Angus Brisket Per Lb;;28.6
5 LBS OR MORE Smoked Angus Brisket Per Lb;;28.6
5 LBS OR MORE Smoked Angus Brisket Per Lb;;28.6
5 LBS OR MORE Smoked Angus Brisket Per Lb;;28.6
3/4 Lb Prime Angus Sliced Brisket;;24.16
3/4 Lb Prime Angus Sliced Brisket;;24.16
3/4 Lb Prime Angus Sliced Brisket;;24.16
3/4 Lb Prime Angus Sliced Brisket;;24.16
3/4 Lb Prime Angus Sliced Brisket;;24.16
3/4 Lb Prime Angus Sliced Brisket;;24.16
3/4 Lb Prime Angus Sliced Brisket;;24.16
3/4 Lb Prime Angus Sliced Brisket;;24.16
3/4 Lb Prime Angus Sliced Brisket;;24.16
3/4 Lb Prime Angus Sliced Brisket;;24.16
3/4 Lb Prime Angus Sliced Brisket;;24.16
3/4 Lb Prime Angus Sliced Brisket;;24.16
3/4 Lb Prime Angus Sliced Brisket;;24.16
3/4 Lb Prime Angus Sliced Brisket;;24.16
3/4 Lb Prime Angus Sliced Brisket;;24.16
3/4 Lb Prime Angus Sliced Brisket;;24.16
3/4 Lb Certified Angus Beef Brisket;;28.45
1lb Sliced Prime Angus Brisket;;32.22
1lb Sliced Prime Angus Brisket;;32.22
1lb Sliced Prime Angus Brisket;;32.22
1lb Sliced Prime Angus Brisket;;32.22
1lb Sliced Prime Angus Brisket;;32.22
1lb Sliced Prime Angus Brisket;;32.22
1lb Sliced Prime Angus Brisket;;32.22
1lb Sliced Prime Angus Brisket;;32.22
1lb Sliced Prime Angus Brisket;;32.22
1lb Sliced Prime Angus Brisket;;32.22
1lb Sliced Prime Angus Brisket;;32.22
1lb Sliced Prime Angus Brisket;;32.22
1lb Sliced Prime Angus Brisket;;32.22
1lb Sliced Prime Angus Brisket;;32.22
1lb Sliced Prime Angus Brisket;;32.22
1lb Sliced Prime Angus Brisket;;32.22
1lb Sliced Prime Angus Brisket;;32.22
1lb Sliced Prime Angus Brisket;;32.22
1lb Sliced Prime Angus Brisket;;32.22
1lb Sliced Prime Angus Brisket;;32.22
1lb Sliced Prime Angus Brisket;;32.22
1lb Sliced Prime Angus Brisket;;32.22
1lb Sliced Prime Angus Brisket;;32.22
1lb Sliced Prime Angus Brisket;;32.22
1lb Sliced Prime Angus Brisket;;32.22
1lb Sliced Prime Angus Brisket;;32.22
1lb Sliced Prime Angus Brisket;;32.22
1lb Sliced Prime Angus Brisket;;32.22
1lb Sliced Prime Angus Brisket;;32.22
1lb Sliced Prime Angus Brisket;;32.22
1lb Sliced Prime Angus Brisket;;32.22
1lb Sliced Prime Angus Brisket;;32.22
1lb Sliced Prime Angus Brisket;;32.22
1lb Sliced Prime Angus Brisket;;32.22
1lb Sliced Prime Angus Brisket;;32.22
1lb Sliced Prime Angus Brisket;;32.22
1lb Sliced Prime Angus Brisket;;32.22
1lb Sliced Prime Angus Brisket;;32.22
1lb Sliced Prime Angus Brisket;;32.22
1lb Sliced Prime Angus Brisket;;32.22
1lb Sliced Prime Angus Brisket;;32.22
1lb Prime Brisket Burnt Ends;;33.28
1lb Prime Brisket Burnt Ends;;33.28
1lb Prime Brisket Burnt Ends;;33.28
1lb Prime Brisket Burnt Ends;;33.28
1lb Prime Brisket Burnt Ends;;33.28
1lb Prime Brisket Burnt Ends;;33.28
1lb Prime Brisket Burnt Ends;;33.28
1lb Prime Brisket Burnt Ends;;33.28
1lb Prime Brisket Burnt Ends;;33.28
1lb Prime Brisket Burnt Ends;;33.28
1lb Prime Brisket Burnt Ends;;33.28
1lb Certified Angus Beef Brisket Burnt Ends;;39.3
1lb Certified Angus Beef Brisket Burnt Ends;;39.3
1lb Certified Angus Beef Brisket Burnt Ends;;39.3
1lb Certified Angus Beef Brisket Burnt Ends;;39.3
1lb Certified Angus Beef Brisket Burnt Ends;;39.3
1/2 Lb Prime Brisket Burnt Ends;;16.63
1/2 Lb Prime Brisket Burnt Ends;;16.63
1/2 Lb Prime Brisket Burnt Ends;;16.63
1/2 Lb Prime Brisket Burnt Ends;;16.63
1/2 Lb Prime Brisket Burnt Ends;;16.63
1/2 Lb Prime Brisket Burnt Ends;;16.63
1/2 Lb Prime Brisket Burnt Ends;;16.63
1/2 Lb Prime Brisket Burnt Ends;;16.63
1/2 Lb Prime Brisket Burnt Ends;;16.63
1/2 Lb Prime Brisket Burnt Ends;;16.63
1/2 Lb Prime Brisket Burnt Ends;;16.63
1/2 Lb Prime Brisket Burnt Ends;;16.63
1/2 Lb Prime Brisket Burnt Ends;;16.63
1/2 Lb Prime Brisket Burnt Ends;;16.63
1/2 Lb Prime Brisket Burnt Ends;;16.63
1/2 Lb Prime Brisket Burnt Ends;;16.63
1/2 Lb Prime Brisket Burnt Ends;;16.63
1/2 Lb Prime Brisket Burnt Ends;;16.63
1/2 Lb Prime Brisket Burnt Ends;;16.63
1/2 Lb Prime Brisket Burnt Ends;;16.63
1/2 Lb Prime Brisket Burnt Ends;;16.63
1/2 Lb Prime Brisket Burnt Ends;;16.63
1/2 Lb Prime Brisket Burnt Ends;;16.63
1/2 Lb Prime Brisket Burnt Ends;;16.63
1/2 Lb Prime Brisket Burnt Ends;;16.63
1/2 Lb Prime Brisket Burnt Ends;;16.63
1/2 Lb Prime Brisket Burnt Ends;;16.63
1/2 Lb Prime Brisket Burnt Ends;;16.63
1/2 Lb Prime Brisket Burnt Ends;;16.63
1/2 Lb Prime Brisket Burnt Ends;;16.63
1/2 Lb Prime Brisket Burnt Ends;;16.63
1/2 Lb Prime Brisket Burnt Ends;;16.63
1/2 Lb Prime Brisket Burnt Ends;;16.63
1/2 Lb Prime Brisket Burnt Ends;;16.63
1/2 Lb Prime Brisket Burnt Ends;;16.63
1/2 Lb Prime Brisket Burnt Ends;;16.63
1/2 Lb Prime Brisket Burnt Ends;;16.63
1/2 Lb Prime Brisket Burnt Ends;;16.63
1/2 Lb Prime Brisket Burnt Ends;;16.63
1/2 Lb Prime Brisket Burnt Ends;;16.63
1/2 Lb Prime Brisket Burnt Ends;;16.63
1/2 Lb Prime Brisket Burnt Ends;;16.63
1/2 Lb Prime Brisket Burnt Ends;;16.63
1/2 Lb Prime Brisket Burnt Ends;;16.63
1/2 Lb Prime Brisket Burnt Ends;;16.63
1/2 Lb Prime Brisket Burnt Ends;;16.63
1/2 Lb Prime Brisket Burnt Ends;;16.63
1/2 Lb Prime Brisket Burnt Ends;;16.63
1/2 Lb Prime Brisket Burnt Ends;;16.63
1/2 Lb Prime Brisket Burnt Ends;;16.63
1/2 Lb Prime Brisket Burnt Ends;;16.63
1/2 Lb Prime Brisket Burnt Ends;;16.63
1/2 Lb Prime Brisket Burnt Ends;;16.63
1/2 Lb Prime Brisket Burnt Ends;;16.63
1/2 Lb Prime Brisket Burnt Ends;;16.63
1/2 Lb Prime Brisket Burnt Ends;;16.63
1/2 Lb Prime Brisket Burnt Ends;;16.63
1/2 Lb Prime Brisket Burnt Ends;;16.63
1/2 Lb Prime Brisket Burnt Ends;;16.63
1/2 Lb Prime Brisket Burnt Ends;;16.63
1/2 Lb Prime Brisket Burnt Ends;;16.63
1/2 Lb Prime Brisket Burnt Ends;;16.63
1/2 Lb Prime Brisket Burnt Ends;;16.63
1/2 Lb Prime Brisket Burnt Ends;;16.63
1/2 Lb Prime Brisket Burnt Ends;;16.63
1/2 Lb Prime Brisket Burnt Ends;;16.63
1/2 Lb Prime Brisket Burnt Ends;;16.63
1/2 Lb Prime Brisket Burnt Ends;;16.63
1/2 Lb Prime Brisket Burnt Ends;;16.63
1/2 Lb Prime Brisket Burnt Ends;;16.63
1/2 Lb Prime Brisket Burnt Ends;;16.63
1/2 Lb Prime Brisket Burnt Ends;;16.63
1/2 Lb Prime Brisket Burnt Ends;;16.63
1/2 Lb Prime Brisket Burnt Ends;;16.63
1/2 Lb Prime Brisket Burnt Ends;;16.63
1/2 Lb Prime Brisket Burnt Ends;;16.63
1/2 Lb Prime Brisket Burnt Ends;;16.63
1/2 Lb Prime Brisket Burnt Ends;;16.63
1/2 Lb Prime Brisket Burnt Ends;;16.63
1/2 Lb Prime Brisket Burnt Ends;;16.63
1/2 Lb certified Angus Beef Brisket Burnt Ends;;19.69
1/2 Lb certified Angus Beef Brisket Burnt Ends;;19.69
1/2 Lb certified Angus Beef Brisket Burnt Ends;;19.69
1/2 Lb certified Angus Beef Brisket Burnt Ends;;19.69
1/2 Lb certified Angus Beef Brisket Burnt Ends;;19.69
1/2 Lb certified Angus Beef Brisket Burnt Ends;;19.69
1/2 Lb certified Angus Beef Brisket Burnt Ends;;19.69
1/2 Lb certified Angus Beef Brisket Burnt Ends;;19.69
1/2 Lb certified Angus Beef Brisket Burnt Ends;;19.69
1/2 Lb certified Angus Beef Brisket Burnt Ends;;19.69
1/2 Lb certified Angus Beef Brisket Burnt Ends;;19.69
