Smoked Chicken Quarters;;375
Side Stacker: Chicken ;;4
Side Stacker: Chicken ;;4
Side Stacker: Chicken ;;4
Side Stacker: Chicken ;;4
Side Stacker: Chicken ;;4
Side Stacker: Chicken ;;4
Side Stacker: Chicken ;;4
Side Stacker: Chicken ;;4
Side Stacker: Chicken ;;4
Side Stacker: Chicken ;;4
Side Stacker: Chicken ;;4
Side Stacker: Chicken ;;4
Side Stacker: Chicken ;;4
Side Stacker: Chicken ;;4
Side Stacker: Chicken ;;4
Side Stacker: Chicken ;;4
Side Stacker: Chicken ;;4
Side Stacker: Chicken ;;4
Side Stacker: Chicken ;;4
Side Stacker: Chicken ;;4
Side Stacker: Chicken ;;4
Side Stacker: Chicken ;;4
Pulled Chicken Sandwich;;15.46
Pulled Chicken Sandwich;;15.46
Pulled Chicken Sandwich;;15.46
Pulled Chicken Sandwich;;15.46
Pulled Chicken Sandwich;;15.46
Pulled Chicken Sandwich;;15.46
Pulled Chicken Sandwich;;15.46
Pulled Chicken Sandwich;;12.47
Pulled Chicken Sandwich;;12.47
Pulled Chicken Sandwich;;12.47
Pulled Chicken Sandwich;;12.47
Pulled Chicken Sandwich;;12.47
Pulled Chicken Sandwich;;12.47
Pulled Chicken Sandwich;;12.47
Pulled Chicken Sandwich;;12.47
Pulled Chicken Sandwich;;12.47
Pulled Chicken Sandwich;;12.47
Pulled Chicken Sandwich;;12.47
Pulled Chicken Sandwich;;12.47
Pulled Chicken Sandwich;;12.47
Pulled Chicken Sandwich;;12.47
Pulled Chicken Sandwich;;12.47
Pulled Chicken Sandwich;;12.47
Pulled Chicken Sandwich;;12.47
Pulled Chicken Sandwich;;12.47
Pulled Chicken Sandwich;;12.47
Pulled Chicken Sandwich;;12.47
Pulled Chicken Sandwich;;12.47
Pulled Chicken Sandwich;;12.47
Pulled Chicken Sandwich;;12.47
Pulled Chicken Sandwich;;12.47
Pulled Chicken Sandwich;;12.47
Pulled Chicken Sandwich;;12.47
Pulled Chicken Sandwich;;12.47
Pulled Chicken Sandwich;;12.47
Pulled Chicken Sandwich;;12.47
Pulled Chicken Sandwich;;12.47
Pulled Chicken Sandwich;;12.47
Pulled Chicken Sandwich;;12.47
Pulled Chicken Sandwich;;12.47
Pulled Chicken Sandwich;;12.47
Pulled Chicken Sandwich;;12.47
Pulled Chicken Sandwich;;12.47
Pulled Chicken Sandwich;;12.47
Pulled Chicken Sandwich;;12.47
Pulled Chicken Sandwich;;12.47
Pulled Chicken Sandwich;;12.47
Pulled Chicken Sandwich;;12.47
Pulled Chicken Sandwich;;12.47
Pulled Chicken Sandwich;;12.47
Pulled Chicken Sandwich;;12.47
Pulled Chicken Sandwich;;12.47
Pulled Chicken Sandwich;;12.47
Pulled Chicken Sandwich;;12.47
Pulled Chicken Sandwich;;12.47
Chicken Elote;;7
Chicken Elote;;7
Chicken Elote;;7
Chicken Elote;;7
2 Chicken Leg Quarters;;15.46
2 Chicken Leg Quarters;;15.46
2 Chicken Leg Quarters;;15.46
2 Chicken Leg Quarters;;15.46
2 Chicken Leg Quarters;;15.46
2 Chicken Leg Quarters;;15.46
2 Chicken Leg Quarters;;15.46
2 Chicken Leg Quarters;;15.46
2 Chicken Leg Quarters;;15.46
2 Chicken Leg Quarters;;15.46
2 Chicken Leg Quarters;;15.46
2 Chicken Leg Quarters;;15.46
2 Chicken Leg Quarters;;15.46
2 Chicken Leg Quarters;;15.46
2 Chicken Leg Quarters;;15.46
2 Chicken Leg Quarters;;12.47
2 Chicken Leg Quarters;;12.47
2 Chicken Leg Quarters;;12.47
2 Chicken Leg Quarters;;12.47
2 Chicken Leg Quarters;;12.47
2 Chicken Leg Quarters;;12.47
2 Chicken Leg Quarters;;12.47
2 Chicken Leg Quarters;;12.47
2 Chicken Leg Quarters;;12.47
2 Chicken Leg Quarters;;12.47
2 Chicken Leg Quarters;;12.47
2 Chicken Leg Quarters;;12.47
2 Chicken Leg Quarters;;12.47
2 Chicken Leg Quarters;;12.47
2 Chicken Leg Quarters;;12.47
2 Chicken Leg Quarters;;12.47
2 Chicken Leg Quarters;;12.47
2 Chicken Leg Quarters;;12.47
2 Chicken Leg Quarters;;12.47
2 Chicken Leg Quarters;;12.47
2 Chicken Leg Quarters;;12.47
2 Chicken Leg Quarters;;12.47
2 Chicken Leg Quarters;;12.47
2 Chicken Leg Quarters;;12.47
2 Chicken Leg Quarters;;12.47
2 Chicken Leg Quarters;;12.47
2 Chicken Leg Quarters;;12.47
2 Chicken Leg Quarters;;12.47
2 Chicken Leg Quarters;;12.47
2 Chicken Leg Quarters;;12.47
2 Chicken Leg Quarters;;12.47
2 Chicken Leg Quarters;;12.47
2 Chicken Leg Quarters;;12.47
2 Chicken Leg Quarters;;12.47
2 Chicken Leg Quarters;;12.47
2 Chicken Leg Quarters;;12.47
2 Chicken Leg Quarters;;12.47
2 Chicken Leg Quarters;;12.47
2 Chicken Leg Quarters;;12.47
2 Chicken Leg Quarters;;12.47
2 Chicken Leg Quarters;;12.47
2 Chicken Leg Quarters;;12.47
2 Chicken Leg Quarters;;12.47
2 Chicken Leg Quarters;;12.47
2 Chicken Leg Quarters;;12.47
2 Chicken Leg Quarters;;12.47
2 Chicken Leg Quarters;;12.47
2 Chicken Leg Quarters;;12.47
