;;
Sweet Potato Casserole;;2.49
Sweet Potato Casserole;;2.49
Sweet Potato Casserole;;2.49
Sweet Potato Casserole;;2.49
Sweet Potato Casserole;;2.49
Sweet Potato Casserole;;2.49
Sweet Potato Casserole;;2.49
Sweet Potato Casserole;;2.49
Sweet Potato Casserole;;2.49
Sweet Potato Casserole;;2.49
Sweet Potato Casserole;;2.49
Sweet Potato Casserole;;2.49
Sweet Potato Casserole;;2.49
Sweet Potato Casserole;;2.49
Sweet Potato Casserole;;2.49
Sweet Potato Casserole;;2.49
Sweet Potato Casserole;;2.49
Sweet Potato Casserole;;2.49
Sweet Potato Casserole;;2.49
Sweet Potato Casserole;;2.49
Sweet Potato Casserole;;2.49
Sweet Potato Casserole;;2.49
Sweet Potato Casserole;;2.49
Sweet Potato Casserole;;2.49
Sweet Potato Casserole;;2.49
Sweet Potato Casserole;;2.49
Sweet Potato Casserole;;2.49
Sweet Potato Casserole;;2.49
Sweet Potato Casserole;;2.49
Sweet Potato Casserole;;2.49
Sweet Potato Casserole;;2.49
Sweet Potato Casserole;;2.49
Sweet Potato Casserole;;2.49
Sweet Potato Casserole;;2.49
Sweet Potato Casserole;;2.49
Sweet Potato Casserole;;2.49
Sun Drop Soda;;2.75
Sun Drop Soda;;2.75
Sun Drop Soda;;2.75
Sun Drop Soda;;2.75
Sun Drop;;2.75
Sun Drop;;2.75
Sun Drop;;2.75
Sun Drop;;2.75
Sun Drop;;2.75
Sun Drop;;2.75
Sun Drop;;2.75
Sun Drop;;2.75
Sun Drop;;2.75
Sun Drop;;2.75
Sun Drop;;2.75
Sun Drop;;2.75
Sun Drop;;2.75
Sun Drop;;2.75
Sun Drop;;2.75
Sun Drop;;2.75
Sun Drop;;2.75
Sun Drop;;2.75
Sun Drop;;2.75
Sun Drop;;2.75
Sun Drop;;2.75
Sun Drop;;2.75
Sun Drop;;2.75
Sun Drop;;2.75
Sun Drop;;2.75
Sun Drop;;2.75
Sun Drop;;2.75
Sun Drop;;2.75
Sun Drop;;2.75
Sun Drop;;2.75
Sun Drop;;2.75
Stubborn Root Beer;;2.7
Stubborn Root Beer;;2.7
Stubborn Root Beer;;2
Stubborn Root Beer;;2
Stubborn Root Beer;;2
Stubborn Root Beer;;2
Stubborn Root Beer;;2
Stubborn Root Beer;;2
Stubborn Root Beer;;2
Stubborn Root Beer;;2
Stubborn Root Beer;;2
Stubborn Root Beer;;2
Stubborn Root Beer;;2
Southern Potato salad;;2.49
Southern Potato salad;;2.49
Southern Potato salad;;2.49
Southern Potato salad;;2.49
Southern Potato salad;;2.49
Southern Potato salad;;2.49
Southern Potato salad;;2.49
Southern Potato salad;;2.49
Southern Potato salad;;2.49
Southern Potato salad;;2.49
Southern Potato salad;;2.49
Southern Potato salad;;2.49
Southern Potato salad;;2.49
Southern Potato salad;;2.49
Southern Potato salad;;2.49
Southern Potato salad;;2.49
Southern Potato salad;;2.49
Southern Potato salad;;2.49
Southern Potato salad;;2.49
Southern Potato salad;;2.49
Southern Potato salad;;2.49
Southern Potato salad;;2.49
Southern Potato salad;;2.49
Southern Potato salad;;2.49
Southern Potato salad;;2.49
Southern Potato salad;;2.49
Southern Potato salad;;2.49
Southern Potato salad;;2.49
Southern Potato salad;;2.49
Southern Potato salad;;2.49
Southern Potato salad;;2.49
Southern Potato salad;;2.49
Southern Potato salad;;2.49
Southern Potato salad;;2.49
Southern Potato salad;;2.49
Southern Potato salad;;2.49
Southern Potato salad;;2.49
Southern Potato salad;;2.49
Southern Potato salad;;2.49
Southern Potato salad;;2.49
Southern Creamy Coleslaw;;2.49
Southern Creamy Coleslaw;;2.49
Southern Creamy Coleslaw;;2.49
Southern Creamy Coleslaw;;2.49
Southern Creamy Coleslaw;;2.49
Southern Creamy Coleslaw;;2.49
Southern Creamy Coleslaw;;2.49
Southern Creamy Coleslaw;;2.49
Southern Creamy Coleslaw;;2.49
Southern Creamy Coleslaw;;2.49
Southern Creamy Coleslaw;;2.49
Southern Creamy Coleslaw;;2.49
Southern Creamy Coleslaw;;2.49
Southern Creamy Coleslaw;;2.49
Southern Creamy Coleslaw;;2.49
Southern Creamy Coleslaw;;2.49
Southern Creamy Coleslaw;;2.49
Southern Creamy Coleslaw;;2.49
Southern Creamy Coleslaw;;2.49
Southern Creamy Coleslaw;;2.49
Southern Creamy Coleslaw;;2.49
Southern Creamy Coleslaw;;2.49
Southern Creamy Coleslaw;;2.49
Southern Creamy Coleslaw;;2.49
Southern Creamy Coleslaw;;2.49
Southern Creamy Coleslaw;;2.49
Southern Creamy Coleslaw;;2.49
Southern Creamy Coleslaw;;2.49
Southern Creamy Coleslaw;;2.49
Southern Creamy Coleslaw;;2.49
Southern Creamy Coleslaw;;2.49
Southern Creamy Coleslaw;;2.49
Southern Creamy Coleslaw;;2.49
Southern Creamy Coleslaw;;2.49
Southern Creamy Coleslaw;;2.49
Southern Creamy Coleslaw;;2.49
Southern Creamy Coleslaw;;2.49
Southern Creamy Coleslaw;;2.49
Southern Creamy Coleslaw;;2.49
Southern Creamy Coleslaw;;2.49
Southern Creamy Coleslaw;;2.49
Southern Creamy Coleslaw;;2.49
Southern Creamy Coleslaw;;2.49
Southern Creamy Coleslaw;;2.49
Southern Creamy Coleslaw;;2.49
Southern Creamy Coleslaw;;2.49
Southern Creamy Coleslaw;;2.49
Southern Creamy Coleslaw;;2.49
Southern Creamy Coleslaw;;2.49
Southern Creamy Coleslaw;;2.49
Southern Creamy Coleslaw;;2.49
Soix City Birch Beer;;2.86
Soft Drinks;;202.5
Smoked Mac-N-Cheese;;2.49
Smoked Mac-N-Cheese;;2.49
Smoked Mac-N-Cheese;;2.49
Smoked Mac-N-Cheese;;2.49
Smoked Mac-N-Cheese;;2.49
Smoked Mac-N-Cheese;;2.49
Smoked Mac-N-Cheese;;2.49
Smoked Mac-N-Cheese;;2.49
Smoked Mac-N-Cheese;;2.49
Smoked Mac-N-Cheese;;2.49
Smoked Mac-N-Cheese;;2.49
Smoked Mac-N-Cheese;;2.49
Smoked Mac-N-Cheese;;2.49
Smoked Mac-N-Cheese;;2.49
Smoked Mac-N-Cheese;;2.49
Smoked Mac-N-Cheese;;2.49
Smoked Mac-N-Cheese;;2.49
Smoked Mac-N-Cheese;;2.49
Smoked Mac-N-Cheese;;2.49
Smoked Mac-N-Cheese;;2.49
Smoked Mac-N-Cheese;;2.49
Smoked Mac-N-Cheese;;2.49
Smoked Mac-N-Cheese;;2.49
Smoked Mac-N-Cheese;;2.49
Smoked Mac-N-Cheese;;2.49
Smoked Mac-N-Cheese;;2.49
Smoked Mac-N-Cheese;;2.49
Smoked Mac-N-Cheese;;2.49
Smoked Mac-N-Cheese;;2.49
Smoked Mac-N-Cheese;;2.49
Smoked Mac-N-Cheese;;2.49
Smoked Mac-N-Cheese;;2.49
Smoked Mac-N-Cheese;;2.49
Smoked Mac-N-Cheese;;2.49
Smoked Mac-N-Cheese;;2.49
Smoked Mac-N-Cheese;;2.49
Smoked Mac-N-Cheese;;2.49
Smoked Mac-N-Cheese;;2.49
Smoked Mac-N-Cheese;;2.49
Smoked Mac-N-Cheese;;2.49
Smoked Mac-N-Cheese;;2.49
Smoked Mac-N-Cheese;;2.49
Smoked Mac-N-Cheese;;2.49
Smoked Mac-N-Cheese;;2.49
Smoked Mac-N-Cheese;;2.49
Smoked Mac-N-Cheese;;2.49
Smoked Mac-N-Cheese;;2.49
Smoked Mac-N-Cheese;;2.49
Smoked Mac-N-Cheese;;2.49
Smoked Mac-N-Cheese;;2.49
Smoked Mac-N-Cheese;;2.49
Smoked Mac-N-Cheese;;2.49
Smoked Mac-N-Cheese;;2.49
Smoked Mac-N-Cheese;;2.49
Smoked Mac-N-Cheese;;2.49
Smoked Mac-N-Cheese;;2.49
Smoked Mac-N-Cheese;;2.49
Smoked Mac-N-Cheese;;2.49
Smoked Mac-N-Cheese;;2.49
Smoked Mac-N-Cheese;;2.49
Smoked Mac-N-Cheese;;2.49
Smoked Mac-N-Cheese;;2.49
Smoked Mac-N-Cheese;;2.49
Smoked Mac-N-Cheese;;2.49
Smoked Mac-N-Cheese;;2.49
Smoked Mac-N-Cheese;;2.49
Smoked Mac-N-Cheese;;2.49
Smoked Mac-N-Cheese;;2.49
Smoked Mac-N-Cheese;;2.49
Smoked Mac-N-Cheese;;2.49
Smoked Mac-N-Cheese;;2.49
Smoked Mac-N-Cheese;;2.49
Smoked Mac-N-Cheese;;2.49
Smoked Mac-N-Cheese;;2.49
Smoked Mac-N-Cheese;;2.49
Smoked Mac-N-Cheese;;2.49
Smoked Mac-N-Cheese;;2.49
Smoked Mac-N-Cheese;;2.49
Smoked Mac-N-Cheese;;2.49
Smoked Mac-N-Cheese;;2.49
Smoked Mac-N-Cheese;;2.49
Smoked Mac-N-Cheese;;2.49
Smoked Mac-N-Cheese;;2.49
Smoked Mac-N-Cheese;;2.49
Smoked Mac-N-Cheese;;2.49
Smoked Mac-N-Cheese;;2.49
Smoked Mac-N-Cheese;;2.49
Smoked Mac-N-Cheese;;2.49
Smoked Mac-N-Cheese;;2.49
Smoked Mac-N-Cheese;;2.49
Smoked Mac-N-Cheese;;2.49
Smoked Mac-N-Cheese;;2.49
Smoked Mac-N-Cheese;;2.49
Smoked Mac-N-Cheese;;2.49
Smoked Mac-N-Cheese;;2.49
Smoked Mac-N-Cheese;;2.49
Smoked Mac-N-Cheese;;2.49
Smoked Mac-N-Cheese;;2.49
Smoked Mac-N-Cheese;;2.49
Smoked Mac-N-Cheese;;2.49
Smoked Mac-N-Cheese;;2.49
Smoked Mac-N-Cheese;;2.49
Smoked Mac-N-Cheese;;2.49
Smoked Mac-N-Cheese;;2.49
Smoked Mac-N-Cheese;;2.49
Smoked Mac-N-Cheese;;2.49
Smoked Mac-N-Cheese;;2.49
Smoked Mac-N-Cheese;;2.49
Smoked Mac-N-Cheese;;2.49
Smoked Mac-N-Cheese;;2.49
Smoked Mac-N-Cheese;;2.49
Smoked Mac-N-Cheese;;2.49
Smoked Mac-N-Cheese;;2.49
Smoked Mac-N-Cheese;;2.49
Smoked Mac-N-Cheese;;2.49
Smoked Mac-N-Cheese;;2.49
Smoked Mac-N-Cheese;;2.49
Smoked Mac-N-Cheese;;2.49
Smoked Mac-N-Cheese;;2.49
Smoked Mac-N-Cheese;;2.49
Smoked Mac-N-Cheese;;2.49
Smoked Mac-N-Cheese;;2.49
Smoked Mac-N-Cheese;;2.49
Smoked Mac-N-Cheese;;2.49
Smoked Mac-N-Cheese;;2.49
Smoked Mac-N-Cheese;;2.49
;;
Seasonal Side Specials Daily;;2.49
Red Ribbon Vanilla Cream Soda;;2.86
Red Ribbon Vanilla Cream Soda;;2.86
Red Ribbon Vanilla Cream Soda;;2.86
Red Ribbon Orange Soda;;2.86
Red Ribbon Almond Cream Soda;;2.75
Red Ribbon Almond Cream Soda;;2.75
Red Ribbon Almond Cream Soda;;2.75
Red Ribbon Almond Cream Soda;;2.75
Red Ribbon Almond Cream Soda;;2.75
Red Ribbon Almond Cream Soda;;2.75
Red Ribbon Almond Cream Soda;;2.75
Red Ribbon Almond Cream Soda;;2.75
Red Ribbon Almond Cream Soda;;2.75
Red Ribbon Almond Cream Soda;;2.75
Red Ribbon Almond Cream Soda;;2.75
Red Ribbon Almond Cream Soda;;2.75
Red Ribbon Almond Cream Soda;;2.75
Red Ribbon Almond Cream Soda;;2.75
Red Ribbon Almond Cream Soda;;2.75
Red Ribbon Almond Cream Soda;;2.75
Red Ribbon Almond Cream Soda;;2.75
RC Cola;;2.75
RC Cola;;2.75
RC Cola;;2.75
RC Cola;;2.75
RC Cola;;2.75
RC Cola;;2.75
RC Cola;;2.75
RC Cola;;2.75
RC Cola;;2.75
RC Cola;;2.75
RC Cola;;2.75
RC Cola;;2.75
RC Cola;;2.75
RC Cola;;2.75
RC Cola;;2.75
RC Cola;;2.75
RC Cola;;2.75
RC Cola;;2.75
RC Cola;;2.75
RC Cola;;2.75
RC Cola;;2.75
RC Cola;;2.75
RC Cola;;2.75
RC Cola;;2.75
RC Cola;;2.75
RC Cola;;2.75
RC Cola;;2.75
RC Cola;;2.75
RC Cola;;2.75
RC Cola;;2.75
RC Cola;;2.75
RC Cola;;2.75
RC Cola;;2.75
RC Cola;;2.75
RC Cola;;2.75
RC Cola;;2.75
RC Cola;;2.75
RC Cola;;2.75
RC Cola;;2.75
RC Cola;;2.75
RC Cola;;2.75
RC Cola;;2.75
RC Cola;;2.75
RC Cola;;2.75
RC Cola;;2.75
RC Cola;;2.75
RC Cola;;2.75
RC Cola;;2.75
RC Cola;;2.75
RC Cola;;2.75
RC Cola;;2.75
RC Cola;;2.75
Parfait;;4.98
Parfait;;4.98
Parfait;;4.98
Parfait;;4.98
Parfait;;4.98
Parfait;;4.98
Parfait;;4.98
Parfait;;4.98
Parfait;;4.98
Parfait;;4.98
Parfait;;4.98
Parfait;;4.98
Parfait;;4.98
Parfait;;4.98
Parfait;;4.98
Parfait;;4.98
Parfait;;4.98
Parfait;;4.98
Parfait;;4.98
Parfait;;4.98
Parfait;;4.98
Paper plates, plasticware and napkins ;;85
Orange Nehi Bottle;;2.75
Orange Nehi Bottle;;2.75
Mountain Dew;;2.75
Mountain Dew;;2.75
Mountain Dew;;2.75
Moon Pie;;1.04
Moon Pie;;1.04
Moon Pie;;1.04
Moon Pie;;1.04
Moon Pie;;1.04
Moon Pie;;1.04
Moon Pie;;1.04
Moon Pie;;1.04
Moon Pie;;1.04
Moon Pie;;1.04
Moon Pie;;1.04
Moon Pie;;1.04
Moon Pie;;1.04
Moon Pie;;1.04
Moon Pie;;1.04
Moon Pie;;1.04
Moon Pie;;1.04
Moon Pie;;1.04
Moon Pie;;1.04
Moon Pie;;1.04
Mexican Coke a Cola;;3.8
Mexican Coke a Cola;;3.8
Mexican Coke a Cola;;3.8
Mexican Coke a Cola;;3.8
Mexican Coke a Cola;;3.8
Mexican Coke a Cola;;3.8
Mexican Coke a Cola;;3.8
Mexican Coke a Cola;;3.8
Mexican Coke a Cola;;3.8
Mexican Coke a Cola;;3.8
Mexican Coke a Cola;;3.8
Mexican Coke a Cola;;3.8
Mexican Coke a Cola;;3.8
Mexican Coke a Cola;;3.8
Mexican Coke a Cola;;3.8
Mexican Coke a Cola;;3.8
Mexican Coke a Cola;;3.8
Mexican Coke a Cola;;3.8
Mexican Coke a Cola;;3.8
Mexican Coke a Cola;;3.8
Mexican Coke a Cola;;3.8
Mexican Coke a Cola;;3.8
Mexican Coke a Cola;;3.8
Mexican Coke a Cola;;3.8
Mexican Coke a Cola;;3.8
Mexican Coke a Cola;;3.8
Mexican Coke a Cola;;3.8
Mexican Coke a Cola;;3.8
Mexican Coke a Cola;;3.8
Mexican Coke a Cola;;3.8
Mexican Coke a Cola;;3.8
Mexican Coke a Cola;;3.8
Mexican Coke a Cola;;3.8
Mexican Coke a Cola;;3.8
Mexican Coke a Cola;;3.8
Mexican Coke a Cola;;3.8
Mexican Coke a Cola;;3.8
Mexican Coke a Cola;;2.86
Mexican Coke a Cola;;2.86
Mexican Coke a Cola;;2.86
Mexican Coke a Cola;;2.86
Mexican Coke a Cola;;2.86
Mexican Coke a Cola;;2.86
Mexican Coke a Cola;;2.86
Mexican Coke a Cola;;2.86
Mexican Coke a Cola;;2.86
Mexican Coke a Cola;;2.86
Mexican Coke a Cola;;2.86
Mexican Coke a Cola;;2.86
Mexican Coke a Cola;;2.86
Mexican Coke a Cola;;2.86
Mexican Coke a Cola;;2.86
Mexican Coke a Cola;;2.86
Mexican Coke a Cola;;2.86
Mexican Coke a Cola;;2.86
Mexican Coke a Cola;;2.86
Mexican Coke a Cola;;2.86
Mexican Coke a Cola;;2.86
Mexican Coke a Cola;;2.86
Mexican Coke a Cola;;2.86
Mexican Coke a Cola;;2.86
Mexican Coke a Cola;;2.86
Mexican Coke a Cola;;2.86
Mexican Coke a Cola;;2.86
Mexican Coke a Cola;;2.86
Mexican Coke a Cola;;2.86
Mexican Coke a Cola;;2.86
Mexican Coke a Cola;;2.86
Mexican Coke a Cola;;2.86
Mexican Coke a Cola;;2.86
Mexican Coke a Cola;;2.86
Mexican Coke a Cola;;2.86
Mexican Coke a Cola;;2.86
Mexican Coke a Cola;;2.86
Mexican Coke a Cola;;2.86
Mexican Coke a Cola;;2.86
Mexican Coke a Cola;;2.86
Mexican Coke a Cola;;2.86
Mexican Coke a Cola;;2.86
Mexican Coke a Cola;;2.86
Mexican Coke a Cola;;2.86
Mexican Coke a Cola;;2.86
Mexican Coke a Cola;;2.86
Mexican Coke a Cola;;2.86
Mexican Coke a Cola;;2.86
Mexican Coke a Cola;;2.86
Mexican Coke a Cola;;2.86
Mexican Coke a Cola;;2.86
Mexican Coke a Cola;;2.86
Mexican Coke a Cola;;2.86
Mexican Coke a Cola;;2.86
Mexican Coke a Cola;;2.86
Mexican Coke a Cola;;2.86
Mexican Coke a Cola;;2.86
Mexican Coke a Cola;;2.86
Mexican Coke a Cola;;2.86
Mexican Coke a Cola;;2.86
Mexican Coke a Cola;;2.86
Mexican Coke a Cola;;2.86
Mexican Coke a Cola;;2.86
Mexican Coke a Cola;;2.86
Mexican Coke a Cola;;2.86
Mexican Coke a Cola;;2.86
Mexican Coke a Cola;;2.86
Mexican Coke a Cola;;2.86
Mexican Coke a Cola;;2.86
Mexican Coke a Cola;;2.86
Mexican Coke a Cola;;2.86
Mexican Coke a Cola;;2.86
Mexican Coke a Cola;;2.86
Mexican Coke a Cola;;2.86
Mexican Coke a Cola;;2.86
Mexican Coke a Cola;;2.86
Mexican Coke a Cola;;2.86
Mexican Coke a Cola;;2.86
Mexican Coke a Cola;;2.86
Mexican Coke a Cola;;2.86
Mexican Coke a Cola;;2.86
Mexican Coke a Cola;;2.86
Mexican Coke a Cola;;2.86
Mexican Coke a Cola;;2.86
Mexican Coke a Cola;;2.86
Mexican Coke a Cola;;2.86
Mexican Coke a Cola;;2.86
Mexican Coke a Cola;;2.86
Mexican Coke a Cola;;2.86
Mexican Coke a Cola;;2.86
Mexican Coke a Cola;;2.86
Mexican Coke a Cola;;2.86
Mexican Coke a Cola;;2.86
Mexican Coke a Cola;;2.86
Mexican Coke a Cola;;2.86
Loaded Mash Potato;;2.49
Loaded Mash Potato;;2.49
Loaded Mash Potato;;2.49
Loaded Mash Potato;;2.49
Loaded Mash Potato;;2.49
Loaded Mash Potato;;2.49
Loaded Mash Potato;;2.49
Loaded Mash Potato;;2.49
Loaded Mash Potato;;2.49
Loaded Mash Potato;;2.49
Loaded Mash Potato;;2.49
Loaded Mash Potato;;2.49
Loaded Mash Potato;;2.49
Loaded Mash Potato;;2.49
Loaded Mash Potato;;2.49
Loaded Mash Potato;;2.49
Loaded Mash Potato;;2.49
Loaded Mash Potato;;2.49
Loaded Mash Potato;;2.49
Loaded Mash Potato;;2.49
Loaded Mash Potato;;2.49
Loaded Mash Potato;;2.49
Loaded Mash Potato;;2.49
Loaded Mash Potato;;2.49
Loaded Mash Potato;;2.49
Loaded Mash Potato;;2.49
Loaded Mash Potato;;2.49
Loaded Mash Potato;;2.49
Loaded Mash Potato;;2.49
Loaded Mash Potato;;2.49
Loaded Mash Potato;;2.49
Loaded Mash Potato;;2.49
Loaded Mash Potato;;2.49
Loaded Mash Potato;;2.49
Loaded Mash Potato;;2.49
Loaded Mash Potato;;2.49
Loaded Mash Potato;;2.49
Hot Bread Pudding;;2.49
Hot Bread Pudding;;2.49
Hot Bread Pudding;;2.49
Hot Bread Pudding;;2.49
Hot Bread Pudding;;2.49
Homemade BBQ Sauce;;0
Half Pan Creamy Mac-n-Cheese;;38
Half Pan Country Beans;;38
Grape Nehi Bottle;;2.75
Grape Nehi Bottle;;2.75
Grape Nehi Bottle;;2.75
Grape Nehi Bottle;;2.75
Grape Nehi Bottle;;2.75
Grape Nehi Bottle;;2.75
Grape Nehi Bottle;;2.75
Grape Nehi Bottle;;2.75
Grape Nehi Bottle;;2.75
Grape Nehi Bottle;;2.75
Grape Nehi Bottle;;2.75
Grape Nehi Bottle;;2.75
Grape Nehi Bottle;;2.75
Grape Nehi Bottle;;2.75
Grape Nehi Bottle;;2.75
Grape Nehi Bottle;;2.75
Grape Nehi Bottle;;2.75
Grape Nehi Bottle;;2.75
Grape Nehi Bottle;;2.75
Grape Nehi Bottle;;2.75
Grape Nehi Bottle;;2.75
Grape Nehi Bottle;;2.75
Grape Nehi Bottle;;2.75
Grape Nehi Bottle;;2.75
Grape Nehi Bottle;;2.75
Grape Nehi Bottle;;2.75
Grape Nehi Bottle;;2.75
Grape Nehi Bottle;;2.75
Grape Nehi Bottle;;2.75
Grape Nehi Bottle;;2.75
Grape Nehi Bottle;;2.75
Grape Nehi Bottle;;2.75
Grape Nehi Bottle;;2.75
Grape Nehi Bottle;;2.75
Grape Nehi Bottle;;2.75
Grape Nehi Bottle;;2.75
Full Pan Creamy Mac-n-Cheese;;58
Full Pan Creamy Mac-n-Cheese;;58
French Silk Pie Slice;;8
French Silk Pie Slice;;8
French Silk Pie Slice;;8
French Silk Pie Slice;;8
French Silk Pie Slice;;8
French Silk Pie Slice;;8
French Silk Pie Slice;;8
French Silk Pie Slice;;8
French Silk Pie Slice;;8
French Silk Pie Slice;;8
French Silk Pie Slice;;8
French Silk Pie Slice;;8
French Silk Pie Slice;;8
French Silk Pie Slice;;8
French Silk Pie Slice;;8
French Silk Pie Slice;;8
French Silk Pie Slice;;8
French Silk Pie Slice;;8
French Silk Pie Slice;;8
French Silk Pie Slice;;8
French Silk Pie Slice;;8
French Silk Pie Slice;;8
French Silk Pie Slice;;8
French Silk Pie Slice;;8
French Silk Pie Slice;;8
French Silk Pie Slice;;8
French Silk Pie Slice;;8
French Silk Pie Slice;;8
French Silk Pie Slice;;8
French Silk Pie Slice;;8
French Silk Pie Slice;;8
French Silk Pie Slice;;8
French Silk Pie Slice;;8
French Silk Pie Slice;;8
Fire Roasted Sweet Corn;;2.49
Fire Roasted Sweet Corn;;2.49
Fire Roasted Sweet Corn;;2.49
Fire Roasted Sweet Corn;;2.49
Fire Roasted Sweet Corn;;2.49
Fire Roasted Sweet Corn;;2.49
Fire Roasted Sweet Corn;;2.49
Fire Roasted Sweet Corn;;2.49
Fire Roasted Sweet Corn;;2.49
Fire Roasted Sweet Corn;;2.49
Fire Roasted Sweet Corn;;2.49
Fire Roasted Sweet Corn;;2.49
Fire Roasted Sweet Corn;;2.49
Fire Roasted Sweet Corn;;2.49
Fire Roasted Sweet Corn;;2.49
Fire Roasted Sweet Corn;;2.49
Fire Roasted Sweet Corn;;2.49
Fire Roasted Sweet Corn;;2.49
Fire Roasted Sweet Corn;;2.49
Fire Roasted Sweet Corn;;2.49
Fire Roasted Sweet Corn;;2.49
Fire Roasted Sweet Corn;;2.49
Fire Roasted Sweet Corn;;2.49
Fire Roasted Sweet Corn;;2.49
Fire Roasted Sweet Corn;;2.49
Dr. Pepper;;2
Dr. Pepper;;2
Dr. Pepper;;2
Dr. Pepper;;2
Dr. Pepper;;2
Dr. Pepper;;2
Dr. Pepper;;2
Dr. Pepper;;2
Delivery Order;;0
Delivery Order;;0
Delivery Order;;0
Delivery Order;;0
Delivery Order;;0
Delivery Order;;0
Delivery Order;;0
Dasani Water Bottle;;2
Dasani Water Bottle;;2
Dasani Water Bottle;;2
Dasani Water Bottle;;2
Dasani Water Bottle;;2
Dasani Water Bottle;;2
Dasani Water Bottle;;2
Dasani Water Bottle;;2
Dasani Water Bottle;;2
Dasani Water Bottle;;2
Dasani Water Bottle;;2
Dasani Water Bottle;;2
Dasani Water Bottle;;2
Dasani Water Bottle;;2
Dasani Water Bottle;;2
Dasani Water Bottle;;2
Dasani Water Bottle;;2
Dasani Water Bottle;;2
Dasani Water Bottle;;2
Dasani Water Bottle;;2
Dasani Water Bottle;;2
Dasani Water Bottle;;2
Dasani Water Bottle;;2
Dasani Water Bottle;;2
Dasani Water Bottle;;2
Dasani Water Bottle;;2
Dasani Water Bottle;;2
Dasani Water Bottle;;2
Dasani Water Bottle;;2
Dasani Water Bottle;;2
Dasani Water Bottle;;2
Dasani Water Bottle;;2
Dasani Water Bottle;;2
Dasani Water Bottle;;2
Dasani Water Bottle;;2
Dasani Water Bottle;;2
Dasani Water Bottle;;2
Dasani Water Bottle;;2
Dasani Water Bottle;;2
Dasani Water Bottle;;2
Dasani Water Bottle;;2
Dasani Water Bottle;;2
Dasani Water Bottle;;2
Dasani Water Bottle;;2
Dasani Water Bottle;;2
Dasani Water Bottle;;2
Dasani Water Bottle;;2.02
Dasani Water Bottle;;2
Dasani Water Bottle;;2
Dasani Water Bottle;;2
Dasani Water Bottle;;2
Dasani Water Bottle;;2
Dasani Water Bottle;;2
Dasani Water Bottle;;2
Dasani Water Bottle;;2
Dasani Water Bottle;;2
Dasani Water Bottle;;2
Dasani Water Bottle;;2
Dasani Water Bottle;;2
Dasani Water Bottle;;2
Dasani Water Bottle;;2
Dasani Water Bottle;;2
Dasani Water Bottle;;2
Dasani Water Bottle;;2
Dasani Water Bottle;;2
Dasani Water Bottle;;2
Dasani Water Bottle;;2
Dasani Water Bottle;;2
Dasani Water Bottle;;2
Dasani Water Bottle;;2.02
Dasani Water Bottle;;2
Dasani Water Bottle;;2.02
Dasani Water Bottle;;2.02
Dasani Water Bottle;;2.02
Dasani Water Bottle;;2
Dasani Water Bottle;;2
Creamy Smoked Mac-N-Cheese;;204
Cracker jacks;;0.26
Cracker jacks;;0.26
Cracker jacks;;0.26
Cracker jacks;;0.26
Cracker jacks;;0.26
Cracker jacks;;0.26
Cracker jacks;;0.26
Cracker jacks;;0.26
Cracker jacks;;0.26
Cracker jacks;;0.26
Cracker jacks;;0.26
Cracker jacks;;0.26
Cracker jacks;;0.26
Cracker jacks;;0.26
Cracker jacks;;0.26
Cracker jacks;;0.26
Cracker jacks;;0.26
Cracker jacks;;0.26
Cracker jacks;;0.26
Cracker jacks;;0.26
Cracker jacks;;0.26
Cracker jacks;;0.26
Cracker jacks;;0.26
Cracker jacks;;0.26
Cracker jacks;;0.26
Cracker jacks;;0.26
Cracker jacks;;0.26
Cracker jacks;;0.26
Cracker jacks;;0.26
Cracker jacks;;0.26
Cracker jacks;;0.26
Cracker jacks;;0.26
Cracker jacks;;0.26
Cracker jacks;;0.26
Cracker jacks;;0.26
Cracker jacks;;0.26
Country Green Beans;;2.49
Country Green Beans;;2.49
Country Green Beans;;2.49
Country Green Beans;;2.49
Country Green Beans;;2.49
Country Green Beans;;2.49
Country Green Beans;;2.49
Country Green Beans;;2.49
Country Green Beans;;2.49
Country Green Beans;;2.49
Country Green Beans;;2.49
Country Green Beans;;2.49
Country Green Beans;;2.49
Country Green Beans;;2.49
Country Green Beans;;2.49
Country Green Beans;;2.49
Country Green Beans;;2.49
Country Green Beans;;2.49
Country Green Beans;;2.49
Country Green Beans;;2.49
Country Green Beans;;2.49
Country Green Beans;;2.49
Country Green Beans;;2.49
Country Green Beans;;2.49
Country Green Beans;;2.49
Country Green Beans;;2.49
Country Green Beans;;2.49
Country Green Beans;;2.49
Country Green Beans;;2.49
Country Green Beans;;2.49
Country Green Beans;;2.49
Country Green Beans;;2.49
Country Green Beans;;2.49
Country Green Beans;;2.49
Country Green Beans;;2.49
Country Green Beans;;2.49
Country Green Beans;;2.49
Country Green Beans;;2.49
Country Green Beans;;2.49
Country Green Beans;;2.49
Cornbread casserole;;2.49
Cornbread casserole;;2.49
Cornbread casserole;;2.49
Cornbread casserole;;2.49
Cornbread casserole;;2.49
Cornbread casserole;;2.49
Cornbread casserole;;2.49
Cornbread casserole;;2.49
Cornbread casserole;;2.49
Cornbread casserole;;2.49
Cornbread casserole;;2.49
Cornbread casserole;;2.49
Cornbread casserole;;2.49
Cornbread casserole;;2.49
Cornbread casserole;;2.49
Cornbread casserole;;2.49
Cornbread casserole;;2.49
Cornbread casserole;;2.49
Cornbread casserole;;2.49
Cornbread casserole;;2.49
Cornbread casserole;;2.49
Cornbread casserole;;2.49
Cornbread casserole;;2.49
Cornbread casserole;;2.49
Cornbread casserole;;2.49
Cornbread casserole;;2.49
Cornbread casserole;;2.49
Cornbread casserole;;2.49
Cornbread casserole;;2.49
Cornbread casserole;;2.49
Cornbread casserole;;2.49
Cornbread casserole;;2.49
Cornbread casserole;;2.49
Cornbread casserole;;2.49
Cornbread casserole;;2.49
Cornbread casserole;;2.49
Cornbread casserole;;2.49
Cornbread casserole;;2.49
Cornbread casserole;;2.49
Cornbread casserole;;2.49
Cornbread casserole;;2.49
Cornbread casserole;;2.49
Cornbread casserole;;2.49
Cornbread casserole;;2.49
Cornbread casserole;;2.49
Cool Mountain Rootbeer;;2.75
Cool Mountain Rootbeer;;2.75
Cool Mountain Rootbeer;;2.75
Cool Mountain Rootbeer;;2.75
Cool Mountain Black Cherry;;2.75
Cool Mountain Black Cherry;;2.75
Cool Mountain Black Cherry;;2.75
Cool Mountain Black Cherry;;2.75
Cool Mountain Black Cherry;;2.75
Cool Mountain Black Cherry;;2.75
Cool Mountain Black Cherry;;2.75
Cool Mountain Black Cherry;;2.75
Cool Mountain Black Cherry;;2.75
Cold Bread Pudding;;2.49
Cold Bread Pudding;;2.49
Cold Bread Pudding;;2.49
Cold Bread Pudding;;2.49
Cold Bread Pudding;;2.49
Cold Bread Pudding;;2.49
Cold Bread Pudding;;2.49
Cold Bread Pudding;;2.49
Cold Bread Pudding;;2.49
Cold Bread Pudding;;2.49
Cold Bread Pudding;;2.49
Cold Bread Pudding;;2.49
Cold Bread Pudding;;2.49
Cold Bread Pudding;;2.49
Cold Bread Pudding;;2.49
Cold Bread Pudding;;2.49
Cold Bread Pudding;;2.49
Cold Bread Pudding;;2.49
Coconut Cream Pie Slice;;8
Coconut Cream Pie Slice;;8
Coconut Cream Pie Slice;;8
Coconut Cream Pie Slice;;8
Coconut Cream Pie Slice;;8
Coconut Cream Pie Slice;;8
Coconut Cream Pie Slice;;8
Coconut Cream Pie Slice;;8
Coconut Cream Pie Slice;;8
Coconut Cream Pie Slice;;8
Coconut Cream Pie Slice;;8
Coconut Cream Pie Slice;;8
Coconut Cream Pie Slice;;8
Coconut Cream Pie Slice;;8
Coconut Cream Pie Slice;;8
Coconut Cream Pie Slice;;8
Chicken Mac Bowl;;15.55
Chicken Mac Bowl;;15.55
Chicken Mac Bowl;;15.55
Chicken Mac Bowl;;15.55
Chicken Mac Bowl;;15.55
Chicken Mac Bowl;;15.55
Chicken Mac Bowl;;15.55
Chicken Mac Bowl;;15.55
Chicken Mac Bowl;;15.55
Chicken Mac Bowl;;15.55
Chicken Mac Bowl;;15.55
Chicken Mac Bowl;;15.55
Chicken Mac Bowl;;15.55
Chicken Mac Bowl;;15.55
Chicken Mac Bowl;;15.55
Chicken Mac Bowl;;15.55
Chicken Mac Bowl;;15.55
Chicken Mac Bowl;;15.55
Cheerwine Zero;;2.81
Cheerwine Bottle;;2.75
Cheerwine Bottle;;2.75
Cheerwine Bottle;;2.75
Cheerwine Bottle;;2.75
Cheerwine Bottle;;2.75
Cheerwine Bottle;;2.75
Cheerwine Bottle;;2.75
Cheerwine Bottle;;2.75
Cheerwine Bottle;;2.75
Cheerwine Bottle;;2.75
Cheerwine Bottle;;2.75
Cheerwine Bottle;;2.75
Cheerwine Bottle;;2.75
Cheerwine Bottle;;2.75
Cheerwine Bottle;;2.75
Cheerwine Bottle;;2.75
Cheerwine Bottle;;2.75
Catering equipment, chaffing trays, serving utensils, etc.;;25
Canned Sprite;;2
Canned Sprite;;2
Canned Sprite;;2
Canned Sprite;;2
Canned Sprite;;2
Canned Sprite;;2
Canned Sprite;;2
Canned Sprite;;2
Canned Sprite;;2
Canned Sprite;;2
Canned Sprite;;2
Canned Sprite;;2
Canned Sprite;;2
Canned Sprite;;2
Canned Sprite;;2
Canned Sprite;;2
Canned Sprite;;2
Canned Sprite;;2
Canned Sprite;;2
Canned Sprite;;2
Canned Sprite;;2
Canned Sprite;;2
Canned Sprite;;2
Canned Sprite;;2
Canned Sprite;;2
Canned Sprite;;2
Canned Sprite;;2
Canned Sprite;;2
Canned Sprite;;2
Canned Sprite;;2
Canned Diet Coke;;2
Canned Diet Coke;;2
Canned Diet Coke;;2
Canned Diet Coke;;2
Canned Diet Coke;;2
Canned Diet Coke;;2
Canned Diet Coke;;2
Canned Diet Coke;;2
Canned Diet Coke;;2
Canned Diet Coke;;2
Canned Diet Coke;;2
Canned Diet Coke;;2
Canned Diet Coke;;2
Canned Diet Coke;;2
Canned Diet Coke;;2
Canned Diet Coke;;2
Canned Diet Coke;;2
Canned Diet Coke;;2
Canned Diet Coke;;2
Canned Diet Coke;;2
Canned Diet Coke;;2
Canned Diet Coke;;2
Canned Diet Coke;;2
Canned Diet Coke;;2
Canned Diet Coke;;2
Canned Diet Coke;;2
Canned Diet Coke;;2
Canned Diet Coke;;2
Canned Diet Coke;;2
Canned Diet Coke;;2
Canned Diet Coke;;2
Canned Diet Coke;;2
Canned Diet Coke;;2
Canned Diet Coke;;2
Canned Diet Coke;;2
Canned Diet Coke;;2
Canned Diet Coke;;2
Canned Diet Coke;;2
Canned Diet Coke;;2
Canned Diet Coke;;2
Canned Diet Coke;;2
Canned Diet Coke;;2
Canned Diet Coke;;2
Canned Diet Coke;;2
Canned Diet Coke;;2
Canned Diet Coke;;2
Canned Diet Coke;;2
Canned Diet Coke;;2
Canned Diet Coke;;2
Canned Diet Coke;;2
Canned Diet Coke;;2
Canned Diet Coke;;2
Canned Diet Coke;;2
Canned Diet Coke;;2
Canned Diet Coke;;2
Canned Dasani Water;;1.5
Canned Dasani Water;;1.5
Canned Dasani Water;;1.5
Canned Dasani Water;;1.5
Canned Dasani Water;;1.5
Canned Dasani Water;;1.5
Canned Dasani Water;;1.5
Canned Dasani Water;;1.5
Canned Dasani Water;;1.5
Canned Dasani Water;;1.5
Canned Dasani Water;;1.5
Canned Dasani Water;;1.5
Canned Coke;;2
Canned Coke;;2
Canned Coke;;2
Canned Coke;;2
Canned Coke;;2
Canned Coke;;2
Canned Coke;;2
Canned Coke;;2
Canned Coke;;2
Canned Coke;;2
Canned Coke;;2
Canned Coke;;2
Canned Coke;;2
Canned Coke;;2
Canned Coke;;2
Canned Coke;;2
Canned Coke;;2
Canned Coke;;2
Canned Coke;;2
Canned Coke;;2
Canned Coke;;2
Canned Coke;;2
Canned Coke;;2
Canned Coke;;2
Canned Coke;;2
Canned Coke;;2
Canned Coke;;2
Canned Coke;;2
Canned Coke;;2
Canned Coke;;2
Canned Coke;;2
Canned Coke;;2
Canned Coke;;2
Canned Coke;;2
Canned Coke;;2
Canned Coke;;2
Canned Coke;;2
Canned Coke;;2
Canned Coke;;2
Canned Coke;;2
Canned Coke;;2
Canned Coke;;2
Canned Coke;;2
Canned Coke;;2
Canned Coke;;2
Canned Coke;;2
Canned Coke;;2
Canned Coke;;2
Canned Coke;;2
Canned Coke;;2
Canned Coke;;2
Canned Coke;;2
Canned Coke;;2
Canned Coke;;2
Canned Coke;;2
Canned Coke;;2
Canned Coke;;2
Canned Coke;;2
Canned Coke;;2
Canned Coke;;2
Canned Coke;;2
Canned Coke;;2
Canned Coke;;2
Canned Coke;;2
Canned Coke;;2
Canned Coke;;2
Canned Coke;;2
Canned Coke;;2
Canned Coke;;2
Canned Coke;;2
Canned Coke;;2
Canned Coke;;2
Canned Coke;;2
Canned Coke;;2
Canned Coke;;2
Canned Coke;;2
Canned Coke;;2
Canned Coke;;2
Canned Coke;;2
Canned Coke;;2
Canned Coke;;2
Canned Coke;;2
Canned Coke;;2
Canned Coke;;2
Canned Coke;;2
Canned Coke;;2
Canned Coke;;2
Canned Coke;;2
Canned Coke;;2
Canned Coke;;2
Canned Coke;;2
Canned Coke;;2
Canned Coke;;2
Canned Coke;;2
Canned Coke;;2
Canned Coke;;2
Canned Coke;;2
Canned Coke;;2
Canned Coke;;2
Canned Coke;;2
Canned Coke;;2
Canned Coke;;2
Canned Coke;;2
Canned Coke;;2
Canned Coke;;2
Canned Coke;;2
Canned Coke;;2
Canned Coke;;2
Canned Coke;;2
Canned Coke;;2
Canned Coke;;2
Canned Coke;;2
Canned Coke;;2
Canned Coke;;2
Canned Coke;;2
Canned Coke;;2
Canned Coke;;2
Canned Coke;;2
Canned Coke;;2
Canned Coke;;2
Canned Coke;;2
Canned Coke;;2
Canned Coke;;2
Canned Coke;;2
Canned Coke;;2
Canned Coke;;2
Canned Coke;;2
Canned Coke;;2
Canned Coke;;2
Canned Coke;;2
Canned Coke;;2
Canned Coke;;2
Canned Coke;;2
Canned Coke;;2
Canned Bubbly;;1.5
Canned Bubbly;;1.5
Can Coke Zero;;2
Can Coke Zero;;2
Can Coke Zero;;2
Can Coke Zero;;2
Can Coke Zero;;2
Can Coke Zero;;2
Buns for sandwiches;;75
Bubbly Strawberry;;1.98
Bubbly Strawberry;;1.98
Bubbly Cherry;;1.98
Bubbly Blackberry;;1.98
Bubbly Blackberry;;1.98
Brisk Ice Tea;;2.75
Brisk Ice Tea;;2.75
Brisk Ice Tea;;2.75
Brisk Ice Tea;;2.75
Brisk Ice Tea;;2.75
Brisk Ice Tea;;2.75
Brisk Ice Tea;;2.75
Brisk Ice Tea;;2.75
Brisk Ice Tea;;2.75
Brisk Ice Tea;;2.75
Brisk Ice Tea;;2.75
Brisk Ice Tea;;2.75
Brisk Ice Tea;;2.75
Brisk Ice Tea;;2.75
Brisk Ice Tea;;2.75
Brisk Ice Tea;;2.75
Brisk Ice Tea;;2.75
Brisk Ice Tea;;2.75
Brisk Ice Tea;;2.75
Brisk Ice Tea;;2.75
Brisk Ice Tea;;2.75
Brisk Ice Tea;;2.75
Brisk Ice Tea;;2.75
Brisk Ice Tea;;2.75
Boyland Creme Soda;;2.75
Boyland Creme Soda;;2.75
Boyland Creme Soda;;2.75
Boyland Creme Soda;;2.75
Boyland Creme Soda;;2.75
Boyland Creme Soda;;2.75
Boyland Creme Soda;;2.75
Boyland Creme Soda;;2.75
Boyland Creme Soda;;2.75
Boyland Creme Soda;;2.75
Boyland Creme Soda;;2.75
Boyland Creme Soda;;2.75
Boyland Creme Soda;;2.75
Boyland Creme Soda;;2.75
Boyland Creme Soda;;2.75
Boyland Creme Soda;;2.75
Boyland Creme Soda;;2.75
Boyland Creme Soda;;2.75
Boyland Creme Soda;;2.75
Boyland Creme Soda;;2.75
Boyland Creme Soda;;2.75
Boyland Creme Soda;;2.75
Boyland Creme Soda;;2.75
Boyland Creme Soda;;2.75
Boyland Creme Soda;;2.75
Boyland Creme Soda;;2.75
Boyland Creme Soda;;2.75
Boyland Creme Soda;;2.75
Boyland Creme Soda;;2.75
Boyland Creme Soda;;2.75
Boyland Creme Soda;;2.75
Boyland Creme Soda;;2.75
Boyland Creme Soda;;2.75
Boyland Creme Soda;;2.75
Boyland Creme Soda;;2.75
Boyland Creme Soda;;2.75
Boyland Creme Soda;;2.75
Boyland Creme Soda;;2.75
Boyland Creme Soda;;2.75
Boyland Creme Soda;;2.75
Boyland Creme Soda;;2.75
Boyland Creme Soda;;2.75
Boyland Creme Soda;;2.75
Boyland Creme Soda;;2.75
Boyland Creme Soda;;2.75
Boyland Creme Soda;;2.75
Boyland Creme Soda;;2.75
Boyland Creme Soda;;2.75
Boyland Creme Soda;;2.75
Boyland Creme Soda;;2.75
Boyland Creme Soda;;2.75
Boyland Creme Soda;;2.75
Boyland Creme Soda;;2.75
Boyland Creme Soda;;2.75
Boyland Creme Soda;;2.75
Boyland Creme Soda;;2.75
Boyland Creme Soda;;2.75
Boyland Creme Soda;;2.75
Boyland Creme Soda;;2.75
Boyland Creme Soda;;2.75
Boyland Creme Soda;;2.75
Boyland Creme Soda;;2.75
Boyland Creme Soda;;2.75
Boyland Creme Soda;;2.75
Boyland Creme Soda;;2.75
Boyland Creme Soda;;2.75
Boyland Creme Soda;;2.75
Boyland Creme Soda;;2.75
Boyland Creme Soda;;2.75
Boyland Creme Soda;;2.75
Boyland Creme Soda;;2.75
Boyland Creme Soda;;2.75
Bob’s Country Beans;;2.49
Bob’s Country Beans;;2.49
Bob’s Country Beans;;2.49
Bob’s Country Beans;;2.49
Bob’s Country Beans;;2.49
Bob’s Country Beans;;2.49
Bob’s Country Beans;;2.49
Bob’s Country Beans;;2.49
Bob’s Country Beans;;2.49
Bob’s Country Beans;;2.49
Bob’s Country Beans;;2.49
Bob’s Country Beans;;2.49
Bob’s Country Beans;;2.49
Bob’s Country Beans;;2.49
Bob’s Country Beans;;2.49
Bob’s Country Beans;;2.49
Bob’s Country Beans;;2.49
Bob’s Country Beans;;2.49
Bob’s Country Beans;;2.49
Bob’s Country Beans;;2.49
Bob’s Country Beans;;2.49
Bob’s Country Beans;;2.49
Bob’s Country Beans;;2.49
Bob’s Country Beans;;2.49
Bob’s Country Beans;;2.49
Bob’s Country Beans;;2.49
Bob’s Country Beans;;2.49
Bob’s Country Beans;;2.49
Bob’s Country Beans;;2.49
Bob’s Country Beans;;2.49
Bob’s Country Beans;;2.49
Bob’s Country Beans;;2.49
Bob’s Country Beans;;2.49
Bob’s Country Beans;;2.49
Bob’s Country Beans;;2.49
Bob’s Country Beans;;2.49
Bob’s Country Beans;;2.49
Bob’s Country Beans;;2.49
Bob’s Country Beans;;2.49
Bob’s Country Beans;;2.49
Bob’s Country Beans;;2.49
Bob’s Country Beans;;2.49
Bob’s Country Beans;;2.49
Bob’s Country Beans;;2.49
Bob’s Country Beans;;2.49
Bob’s Country Beans;;2.49
Bob’s Country Beans;;2.49
Bob’s Country Beans;;2.49
Bob’s Country Beans;;2.49
Bob’s Country Beans;;2.49
Bob’s Country Beans;;2.49
Bob’s Country Beans;;2.49
Bob’s Country Beans;;2.49
Bob’s Country Beans;;2.49
Bob’s Country Beans;;2.49
Bob’s Country Beans;;2.49
Bob’s Country Beans;;2.49
Bob’s Country Beans;;2.49
Bob’s Country Beans;;2.49
Bob’s Country Beans;;2.49
Bob’s Country Beans;;2.49
Bob’s Country Beans;;2.49
Bob’s Country Beans;;2.49
Bob’s Country Beans;;2.49
Bob’s Country Beans;;2.49
Bob’s Country Beans;;2.49
Bob’s Country Beans;;2.49
Bob’s Country Beans;;2.49
Bob’s Country Beans;;2.49
Bob’s Country Beans;;2.49
Bob’s Country Beans;;2.49
Bob’s Country Beans;;2.49
Bob’s Country Beans;;2.49
Bob’s Country Beans;;2.49
Bob’s Country Beans;;2.49
Bob’s Country Beans;;2.49
Bob’s Country Beans;;2.49
Bob’s Country Beans;;2.49
Bob’s Country Beans;;2.49
Bob’s Country Beans;;2.49
Bob’s Country Beans;;2.49
Bob’s Country Beans;;2.49
Bob’s Country Beans;;2.49
Bob’s Country Beans;;2.49
Bob’s Country Beans;;2.49
Bob’s Country Beans;;2.49
Bob’s Country Beans;;2.49
Bob’s Country Beans;;2.49
Bob’s Country Beans;;2.49
Bob’s Country Beans;;2.49
Bob’s Country Beans;;2.49
Bob’s Country Beans;;2.49
Bob’s Country Beans;;2.49
Bob’s Country Beans;;2.49
Bob’s Country Beans;;2.49
Bob’s Country Beans;;2.49
Bob’s Country Beans;;2.49
Bob’s Country Beans;;2.49
Bob’s Country Beans;;2.49
Bob’s Country Beans;;2.49
Bob’s Country Beans;;2.49
Bob’s Country Beans;;2.49
Bob's Country Beans;;160
Blow Pop Mixed Flavors;;0.05
Blow Pop Mixed Flavors;;0.05
Blow Pop Mixed Flavors;;0.05
Blow Pop Mixed Flavors;;0.05
Blow Pop Mixed Flavors;;0.05
Blow Pop Mixed Flavors;;0.05
Blow Pop Mixed Flavors;;0.05
Blow Pop Mixed Flavors;;0.05
Blow Pop Mixed Flavors;;0.05
Blow Pop Mixed Flavors;;0.05
Blow Pop Mixed Flavors;;0.05
Blow Pop Mixed Flavors;;0.05
Blow Pop Mixed Flavors;;0.05
Blow Pop Mixed Flavors;;0.05
Blow Pop Mixed Flavors;;0.05
Blow Pop Mixed Flavors;;0.05
Blow Pop Mixed Flavors;;0.05
Blow Pop Mixed Flavors;;0.05
Blow Pop Mixed Flavors;;0.05
Blow Pop Mixed Flavors;;0.05
Blow Pop Mixed Flavors;;0.05
Blow Pop Mixed Flavors;;0.05
Blow Pop Mixed Flavors;;0.05
Blow Pop Mixed Flavors;;0.05
Blow Pop Mixed Flavors;;0.05
Blow Pop Mixed Flavors;;0.05
Blow Pop Mixed Flavors;;0.05
Blow Pop Mixed Flavors;;0.05
Blow Pop Mixed Flavors;;0.05
Blow Pop Mixed Flavors;;0.05
Blow Pop Mixed Flavors;;0.05
Blow Pop Mixed Flavors;;0.05
Blow Pop Mixed Flavors;;0.05
Blow Pop Mixed Flavors;;0.05
Blow Pop Mixed Flavors;;0.05
Blow Pop Mixed Flavors;;0.05
Blow Pop Mixed Flavors;;0.05
Blow Pop Mixed Flavors;;0.05
Blow Pop Mixed Flavors;;0.05
Blow Pop Mixed Flavors;;0.05
Blow Pop Mixed Flavors;;0.05
Blow Pop Mixed Flavors;;0.05
Blow Pop Mixed Flavors;;0.05
Blow Pop Mixed Flavors;;0.05
Blow Pop Mixed Flavors;;0.05
Blow Pop Mixed Flavors;;0.05
Blow Pop Mixed Flavors;;0.05
Blow Pop Mixed Flavors;;0.05
Blow Pop Mixed Flavors;;0.05
Blow Pop Mixed Flavors;;0.05
Blow Pop Mixed Flavors;;0.05
Big Red;;2.75
Big Red;;2.75
Big Red;;2.75
Big Red;;2.75
Big Red;;2.75
Big Red;;2.75
Big Red;;2.75
Big Red;;2.75
Big Red;;2.75
Big Red;;2.75
Big Red;;2.75
Big Red;;2.75
Big Red;;2.75
Big Red;;2.75
Big Red;;2.75
Big Red;;2.75
Big Red;;2.75
Big Red;;2.75
Big Red;;2.75
Big Red;;2.75
Big Red;;2.75
Big Red;;2.75
Big Red;;2.75
Big Red;;2.75
Big Red;;2.75
Big Red;;2.75
banana Pudding, Full Tray;;160
Banana Pudding;;4.4
Banana Pudding;;4.4
Banana Pudding;;4.4
Banana Pudding;;4.4
Banana Pudding;;4.4
Banana Pudding;;4.4
Banana Pudding;;4.4
Banana Pudding;;4.4
Banana Pudding;;4.4
Banana Pudding;;4.4
Banana Pudding;;4.4
Banana Pudding;;4.4
Banana Pudding;;4.4
Banana Pudding;;4.4
Banana Pudding;;4.4
Banana Pudding;;4.4
Banana Pudding;;4.4
Banana Pudding;;4.4
Banana Pudding;;4.4
Banana Pudding;;4.4
Banana Pudding;;4.4
Banana Pudding;;4.4
Banana Pudding;;4.4
Banana Pudding;;4.4
Banana Pudding;;4.4
Banana Pudding;;4.4
Banana Pudding;;4.4
Banana Pudding;;4.4
Banana Pudding;;4.4
Banana Pudding;;4.4
Banana Pudding;;4.4
Banana Pudding;;4.4
Banana Pudding;;4.4
Banana Pudding;;4.4
Banana Pudding;;4.4
Banana Pudding;;4.4
Banana Pudding;;4.4
Banana Pudding;;4.4
Banana Pudding;;4.4
Banana Pudding;;4.4
Banana Pudding;;4.4
Banana Pudding;;4.4
Banana Pudding;;4.4
Banana Pudding;;4.4
Banana Pudding;;4.4
Banana Pudding;;4.4
Banana Pudding;;4.4
Banana Pudding;;4.4
Banana Pudding;;4.4
Banana Pudding;;4.4
Banana Pudding;;4.4
Banana Pudding;;4.4
Banana Pudding;;4.4
Banana Pudding;;4.4
Banana Pudding;;4.4
Banana Pudding;;4.4
Banana Pudding;;4.4
Banana Pudding;;4.4
Banana Pudding;;4.4
Banana Pudding;;4.4
Banana Pudding;;4.4
Banana Pudding;;4.4
Banana Pudding;;4.4
Banana Pudding;;4.4
Banana Pudding;;4.4
Banana Pudding;;4.4
Banana Pudding;;4.4
Banana Pudding;;4.4
Banana Pudding;;4.4
Banana Pudding;;4.4
Banana Pudding;;4.4
Banana Pudding;;4.4
Banana Pudding;;4.4
Banana Pudding;;4.4
Banana Pudding;;4.4
Banana Pudding;;4.4
Banana Pudding;;4.4
Banana Pudding;;4.4
Banana Pudding;;4.4
Banana Pudding;;4.4
Banana Pudding;;4.4
Banana Pudding;;4.4
Banana Pudding;;4.4
Banana Pudding;;4.4
Banana Pudding;;4.4
Banana Pudding;;4.4
Banana Pudding;;4.4
Banana Pudding;;4.4
Banana Pudding;;4.4
Banana Pudding;;4.4
Banana Pudding;;4.4
Banana Pudding;;4.4
Banana Pudding;;4.4
Banana Pudding;;4.4
Banana Pudding;;4.4
Banana Pudding;;4.4
Banana Pudding;;4.4
Banana Pudding;;4.4
Banana Pudding;;4.4
Banana Pudding;;4.4
Banana Pudding;;4.4
Banana Pudding;;4.4
Banana Pudding;;4.4
Banana Pudding;;4.4
Banana Pudding;;4.4
Banana Pudding;;4.4
Banana Pudding;;4.4
Banana Pudding;;4.4
Banana Pudding;;4.4
Banana Pudding;;4.4
Banana Pudding;;4.4
Banana Pudding;;4.4
Banana Pudding;;4.4
Banana Pudding;;4.4
Banana Pudding;;4.4
Banana Pudding;;4.4
Banana Pudding;;4.4
Banana Pudding;;4.4
Banana Pudding;;4.4
Banana Pudding;;4.4
Banana Pudding;;4.4
Banana Pudding;;4.4
Banana Pudding;;4.4
Banana Pudding;;4.4
Banana Pudding;;4.4
Banana Pudding;;4.4
Banana Pudding;;4.4
Banana Pudding;;4.4
Banana Pudding;;4.4
Banana Pudding;;4.4
Banana Pudding;;4.4
Banana Pudding;;4.4
Banana Pudding;;4.4
Banana Pudding;;4.4
Banana Pudding;;4.4
Banana Pudding;;4.4
Banana Pudding;;4.4
Banana Pudding;;4.4
Banana Pudding;;4.4
Banana Pudding;;4.4
Banana Pudding;;4.4
Banana Pudding;;4.4
Banana Pudding;;4.4
Banana Pudding;;4.4
Banana Pudding;;4.4
Banana Pudding;;4.4
Banana Pudding;;4.4
Banana Pudding;;4.4
Banana Pudding;;4.4
Banana Pudding;;4.4
Banana Pudding;;4.4
Banana Pudding;;4.4
Banana Pudding;;4.4
Banana Pudding;;4.4
Banana Pudding;;4.4
Banana Pudding;;4.4
Banana Pudding;;4.4
Banana Pudding;;4.4
Banana Pudding;;4.4
Banana Pudding;;4.4
Banana Pudding;;4.4
Banana Pudding;;4.4
Banana Pudding;;4.4
Banana Pudding;;4.4
Banana Pudding;;4.4
Banana Pudding;;4.4
Banana Pudding;;4.4
Banana Pudding;;4.4
Banana Pudding;;4.4
Banana Pudding;;4.4
Banana Pudding;;4.4
Banana Pudding;;4.4
Banana Pudding;;4.4
Banana Pudding;;4.4
Banana Pudding;;4.4
Banana Pudding;;4.4
Banana Pudding;;4.4
Banana Pudding;;4.4
Banana Pudding;;4.4
Banana Pudding;;4.4
Banana Pudding;;4.4
Banana Pudding;;4.4
Banana Pudding;;4.4
Banana Pudding;;4.4
Banana Pudding;;4.4
Banana Pudding;;4.4
Banana Pudding;;4.4
Banana Pudding;;4.4
Banana Pudding;;4.4
Banana Pudding;;4.4
Banana Pudding;;4.4
Banana Pudding;;4.4
Banana Pudding;;4.4
Banana Pudding;;4.4
Banana Pudding;;4.4
Banana Pudding;;4.4
Banana Pudding;;4.4
Banana Pudding;;4.4
Banana Pudding;;4.4
Banana Pudding;;4.4
Banana Pudding;;4.4
Banana Pudding;;4.4
Banana Pudding;;4.4
Banana Pudding;;4.4
Banana Pudding;;4.4
Banana Pudding;;4.4
Banana Pudding;;4.4
Banana Pudding;;4.4
Banana Pudding;;4.4
Banana Pudding;;4.4
Banana Pudding;;4.4
Banana Pudding;;4.4
Banana Pudding;;4.4
Banana Pudding;;4.4
Banana Pudding;;4.4
Arizona Arnold Palmer Ice Tea;;2.91
Arizona Arnold Palmer Ice Tea;;2.91
Arizona Arnold Palmer Ice Tea;;2.91
Arizona Arnold Palmer Ice Tea;;2.91
Arizona Arnold Palmer Ice Tea;;2.91
Arizona Arnold Palmer Ice Tea;;2.91
Arizona Arnold Palmer Ice Tea;;2.91
Arizona Arnold Palmer Ice Tea;;2.91
Arizona Arnold Palmer Ice Tea;;2.91
Arizona Arnold Palmer Ice Tea;;2.91
Arizona Arnold Palmer Ice Tea;;2.91
Arizona Arnold Palmer Ice Tea;;2.91
Arizona Arnold Palmer Ice Tea;;2.91
Arizona Arnold Palmer Ice Tea;;2.91
Arizona Arnold Palmer Ice Tea;;2.91
Arizona Arnold Palmer Ice Tea;;2.91
Arizona Arnold Palmer Ice Tea;;2.91
Arizona Arnold Palmer Ice Tea;;2.91
Arizona Arnold Palmer Ice Tea;;2.91
Arizona Arnold Palmer Ice Tea;;2.91
Arizona Arnold Palmer Ice Tea;;2.91
Arizona Arnold Palmer Ice Tea;;2.91
Arizona Arnold Palmer Ice Tea;;2.91
Arizona Arnold Palmer Ice Tea;;2.91
Arizona Arnold Palmer Ice Tea;;2.91
Arizona Arnold Palmer Ice Tea;;2.91
Arizona Arnold Palmer Ice Tea;;2.91
Arizona Arnold Palmer Ice Tea;;2.91
Arizona Arnold Palmer Ice Tea;;2.91
Arizona Arnold Palmer Ice Tea;;2.91
Arizona Arnold Palmer Ice Tea;;2.91
Arizona Arnold Palmer Ice Tea;;2.91
Arizona Arnold Palmer Ice Tea;;2.91
Arizona Arnold Palmer Ice Tea;;2.91
Arizona Arnold Palmer Ice Tea;;2.91
Arizona Arnold Palmer Ice Tea;;2.91
Arizona Arnold Palmer Ice Tea;;2.91
Arizona Arnold Palmer Ice Tea;;2.91
Arizona Arnold Palmer Ice Tea;;2.91
Arizona Arnold Palmer Ice Tea;;2.91
Arizona Arnold Palmer Ice Tea;;2.91
Arizona Arnold Palmer Ice Tea;;2.91
Arizona Arnold Palmer Ice Tea;;2.91
Arizona Arnold Palmer Ice Tea;;2.91
Arizona Arnold Palmer Ice Tea;;2.91
Arizona Arnold Palmer Ice Tea;;2.91
Arizona Arnold Palmer Ice Tea;;2.91
Arizona Arnold Palmer Ice Tea;;2.91
Arizona Arnold Palmer Ice Tea;;2.91
Arizona Arnold Palmer Ice Tea;;2.91
Arizona Arnold Palmer Ice Tea;;2.91
Arizona Arnold Palmer Ice Tea;;2.91
Arizona Arnold Palmer Ice Tea;;2.91
Arizona Arnold Palmer Ice Tea;;2.91
Arizona Arnold Palmer Ice Tea;;2.91
Arizona Arnold Palmer Ice Tea;;2.91
Arizona Arnold Palmer Ice Tea;;2.91
Arizona Arnold Palmer Ice Tea;;2.91
Arizona Arnold Palmer Ice Tea;;2.91
Arizona Arnold Palmer Ice Tea;;2.91
Arizona Arnold Palmer Ice Tea;;2.91
Arizona Arnold Palmer Ice Tea;;2.91
Arizona Arnold Palmer Ice Tea;;2.91
Arizona Arnold Palmer Ice Tea;;2.91
Arizona Arnold Palmer Ice Tea;;2.91
Arizona Arnold Palmer Ice Tea;;2.91
Arizona Arnold Palmer Ice Tea;;2.91
Arizona Arnold Palmer Ice Tea;;2.91
Arizona Arnold Palmer Ice Tea;;2.91
Arizona Arnold Palmer Ice Tea;;2.91
Arizona Arnold Palmer Ice Tea;;2.91
Arizona Arnold Palmer Ice Tea;;2.91
Arizona Arnold Palmer Ice Tea;;2.91
Arizona Arnold Palmer Ice Tea;;2.91
Arizona Arnold Palmer Ice Tea;;2.91
Arizona Arnold Palmer Ice Tea;;2.91
Arizona Arnold Palmer Ice Tea;;2.91
Arizona Arnold Palmer Ice Tea;;2.91
Arizona Arnold Palmer Ice Tea;;2.91
Arizona Arnold Palmer Ice Tea;;2.91
Arizona Arnold Palmer Ice Tea;;2.91
Arizona Arnold Palmer Ice Tea;;2.91
Arizona Arnold Palmer Ice Tea;;2.91
Arizona Arnold Palmer Ice Tea;;2.91
Arizona Arnold Palmer Ice Tea;;2.91
Arizona Arnold Palmer Ice Tea;;2.91
Arizona Arnold Palmer Ice Tea;;2.91
Arizona Arnold Palmer Ice Tea;;2.91
Arizona Arnold Palmer Ice Tea;;2.91
Arizona Arnold Palmer Ice Tea;;2.91
Arizona Arnold Palmer Ice Tea;;2.91
Arizona Arnold Palmer Ice Tea;;2.91
Arizona Arnold Palmer Ice Tea;;2.91
Arizona Arnold Palmer Ice Tea;;2.91
Arizona Arnold Palmer Ice Tea;;2.91
Arizona Arnold Palmer Ice Tea;;2.91
Arizona Arnold Palmer Ice Tea;;2.91
Arizona Arnold Palmer Ice Tea;;2.91
Arizona Arnold Palmer Ice Tea;;2.91
Arizona Arnold Palmer Ice Tea;;2.91
Arizona Arnold Palmer Ice Tea;;2.91
Arizona Arnold Palmer Ice Tea;;2.91
Arizona Arnold Palmer Ice Tea;;2.91
Arizona Arnold Palmer Ice Tea;;2.91
Arizona Arnold Palmer Ice Tea;;2.91
Arizona Arnold Palmer Ice Tea;;2.91
Arizona Arnold Palmer Ice Tea;;2.91
Arizona Arnold Palmer Ice Tea;;2.91
A&W Rootbeer;;2
A&W Rootbeer;;2
A&W Rootbeer;;2
A&W Rootbeer;;2
A&W Rootbeer;;2
A&W Rootbeer;;2
A&W Rootbeer;;2
A&W Rootbeer;;2
A&W Rootbeer;;2
A&W Rootbeer;;2
A&W Rootbeer;;2
A&W Rootbeer;;2
A&W Rootbeer;;2
A&W Rootbeer;;2
A&W Rootbeer;;2
A&W Rootbeer;;2
A&W Rootbeer;;2
A&W Rootbeer;;2
A&W Rootbeer;;2
A&W Rootbeer;;2
A&W Rootbeer;;2
A&W Rootbeer;;2
A&W Rootbeer;;2
A&W Rootbeer;;2
A&W Rootbeer;;2
A&W Rootbeer;;2
A&W Rootbeer;;2
A&W Rootbeer;;2
A&W Rootbeer;;2
A&W Rootbeer;;2
A&W Rootbeer;;2
A&W Rootbeer;;2
A&W Rootbeer;;2
A&W Rootbeer;;2
A&W Rootbeer;;2
A&W Rootbeer;;2
A&W Rootbeer;;2
A&W Rootbeer;;2
A&W Rootbeer;;2
A&W Rootbeer;;2
A&W Rootbeer;;2
A&W Rootbeer;;2
A&W Root Beer;;2.02
A&W Root Beer;;2.02
A&W Root Beer;;2.02
30oz Hot Side;;8.5
30oz Hot Side;;8.5
30oz Hot Side;;8.5
30oz Hot Side;;8.5
30oz Hot Side;;8.5
30oz Hot Side;;8.5
30oz Hot Side;;8.5
30oz Hot Side;;8.5
30oz Hot Side;;8.5
30oz Hot Side;;8.5
30oz Hot Side;;8.5
30oz Hot Side;;8.5
30oz Hot Side;;8.5
30oz Hot Side;;8.5
30oz Hot Side;;8.5
30oz Hot Side;;8.5
30oz Hot Side;;8.5
30oz Hot Side;;8.5
30oz Hot Side;;8.5
30oz Hot Side;;8.5
30oz Hot Side;;8.5
30oz Hot Side;;8.5
30oz Hot Side;;8.5
30oz Hot Side;;8.5
30oz Hot Side;;8.5
30oz Hot Side;;8.5
30oz Hot Side;;8.5
30oz Hot Side;;8.5
30oz Hot Side;;8.5
30oz Hot Side;;8.5
30oz Hot Side;;8.5
30oz Hot Side;;8.5
30oz Hot Side;;8.5
30oz Hot Side;;8.5
30oz Hot Side;;8.5
30oz Hot Side;;8.5
30oz Hot Side;;8.5
30oz Hot Side;;8.5
30oz Hot Side;;8.5
30oz Hot Side;;8.5
30oz Hot Side;;8.5
30oz Hot Side;;8.5
30oz Hot Side;;8.5
30oz Hot Side;;8.5
30oz Hot Side;;8.5
30oz Hot Side;;8.5
30oz Hot Side;;8.5
30oz Hot Side;;8.5
30oz Hot Side;;8.5
30oz Hot Side;;8.5
30oz Hot Side;;8.5
30oz Hot Side;;8.5
30oz Hot Side;;8.5
30oz Hot Side;;8.5
30oz Hot Side;;8.5
30oz Hot Side;;8.5
30oz Hot Side;;8.5
30oz Hot Side;;8.5
30oz Hot Side;;8.5
30oz Hot Side;;8.5
30oz Hot Side;;8.5
30oz Hot Side;;8.5
30oz Hot Side;;8.5
30oz Hot Side;;8.5
30oz Hot Side;;8.5
30oz Hot Side;;8.5
30oz Hot Side;;8.5
30oz Hot Side;;8.5
30oz Hot Side;;8.5
30oz Hot Side;;8.5
30oz Hot Side;;8.5
30oz Hot Side;;8.5
30oz Hot Side;;8.5
30oz Hot Side;;8.5
30oz Hot Side;;8.5
30oz Hot Side;;8.5
30oz Hot Side;;8.5
30oz Hot Side;;8.5
30oz Hot Side;;8.5
30oz Hot Side;;8.5
30oz Hot Side;;8.5
30oz Hot Side;;8.5
30oz Hot Side;;8.5
30oz Hot Side;;8.5
30oz Hot Side;;8.5
30oz Hot Side;;8.5
30oz Hot Side;;8.5
30oz Hot Side;;8.5
30oz Hot Side;;8.5
30oz Hot Side;;8.5
30oz Hot Side;;8.5
30oz Hot Side;;8.5
30oz Hot Side;;8.5
30oz Hot Side;;8.5
30oz Hot Side;;8.5
30oz Hot Side;;8.5
30oz Hot Side;;8.5
30oz Hot Side;;8.5
30oz Hot Side;;8.5
30oz Hot Side;;8.5
30oz Hot Side;;8.5
30oz Hot Side;;8.5
30oz Hot Side;;8.5
30oz Hot Side;;8.5
30oz Hot Side;;8.5
30oz Hot Side;;8.5
30oz Hot Side;;8.5
30oz Hot Side;;8.5
30oz Hot Side;;8.5
30oz Hot Side;;8.5
30oz Hot Side;;8.5
30oz Hot Side;;8.5
30oz Hot Side;;8.5
30oz Hot Side;;8.5
30oz Hot Side;;8.5
30oz Hot Side;;8.5
30oz Hot Side;;8.5
30oz Hot Side;;8.5
30oz Hot Side;;8.5
30oz Hot Side;;8.5
30oz Hot Side;;8.5
30oz Hot Side;;8.5
