Sloppy Hog Sandwich;;15.25
Sloppy Hog Sandwich;;15.25
Sloppy Hog Sandwich;;15.25
Sloppy Hog Sandwich;;15.25
Sloppy Hog Sandwich;;15.25
Sloppy Hog Sandwich;;15.25
Sloppy Hog Sandwich;;11.43
Sloppy Hog Sandwich;;11.43
Sloppy Hog Sandwich;;11.43
Sloppy Hog Sandwich;;11.43
Sloppy Hog Sandwich;;11.43
Sloppy Hog Sandwich;;11.43
Sloppy Hog Sandwich;;11.43
Sloppy Hog Sandwich;;11.43
Sloppy Hog Sandwich;;11.43
Sloppy Hog Sandwich;;11.43
Sloppy Hog Sandwich;;11.43
Sloppy Hog Sandwich;;11.43
Sloppy Hog Sandwich;;11.43
Sloppy Hog Sandwich;;11.43
Sloppy Hog Sandwich;;11.43
Sloppy Hog Sandwich;;11.43
Sloppy Hog Sandwich;;11.43
Sloppy Hog Sandwich;;11.43
Sloppy Hog Sandwich;;11.43
Sloppy Hog Sandwich;;11.43
Sloppy Hog Sandwich;;11.43
Sloppy Hog Sandwich;;11.43
Sloppy Hog Sandwich;;11.43
Sloppy Hog Sandwich;;11.43
Sloppy Hog Sandwich;;11.43
Sloppy Hog Sandwich;;11.43
Sloppy Hog Sandwich;;11.43
Sloppy Hog Sandwich;;11.43
Sloppy Hog Sandwich;;11.43
Sloppy Hog Sandwich;;11.43
Sloppy Hog Sandwich;;11.43
Sloppy Hog Sandwich;;11.43
Sloppy Hog Sandwich;;11.43
Sloppy Hog Sandwich;;11.43
Sloppy Hog Sandwich;;11.43
Sloppy Hog Sandwich;;11.43
Sloppy Hog Sandwich;;11.43
Sloppy Hog Sandwich;;11.43
Sloppy Hog Sandwich;;11.43
Sloppy Hog Sandwich;;11.43
Sloppy Hog Sandwich;;11.43
Sloppy Hog Sandwich;;11.43
Sloppy Hog Sandwich;;11.43
Sloppy Hog Sandwich;;11.43
Sloppy Hog Sandwich;;11.43
Sloppy Hog Sandwich;;11.43
Sloppy Hog Sandwich;;11.43
Sloppy Hog Sandwich;;11.43
Sloppy Hog Sandwich;;11.43
Sloppy Hog Sandwich;;11.43
Sloppy Hog Sandwich;;11.43
Sloppy Hog Sandwich;;11.43
Sloppy Hog Sandwich;;11.43
Sloppy Hog Sandwich;;11.43
Sloppy Hog Sandwich;;11.43
Sloppy Hog Sandwich;;11.43
Sloppy Hog Sandwich;;11.43
Sloppy Hog Sandwich;;11.43
Sloppy Hog Sandwich;;11.43
Sloppy Hog Sandwich;;11.43
Sloppy Hog Sandwich;;11.43
Sloppy Hog Sandwich;;11.43
Sloppy Hog Sandwich;;11.43
Sloppy Hog Sandwich;;11.43
Sloppy Hog Sandwich;;11.43
Sloppy Hog Sandwich;;11.43
Sloppy Hog Sandwich;;11.43
Sloppy Hog Sandwich;;11.43
Sloppy Hog Sandwich;;11.43
Side Stacker: Pulled Pork;;4
Side Stacker: Pulled Pork;;4
Side Stacker: Pulled Pork;;4
Side Stacker: Pulled Pork;;4
Side Stacker: Pulled Pork;;4
Side Stacker: Pulled Pork;;4
Side Stacker: Pulled Pork;;4
Side Stacker: Pulled Pork;;4
Side Stacker: Pulled Pork;;4
Side Stacker: Pulled Pork;;4
Side Stacker: Pulled Pork;;4
Side Stacker: Pulled Pork;;4
Side Stacker: Pulled Pork;;4
Side Stacker: Pulled Pork;;4
Side Stacker: Pulled Pork;;4
Side Stacker: Pulled Pork;;4
Side Stacker: Pulled Pork;;4
Side Stacker: Pulled Pork;;4
Side Stacker: Pulled Pork;;4
Side Stacker: Pulled Pork;;4
Side Stacker: Pulled Pork;;4
Side Stacker: Pulled Pork;;4
Side Stacker: Pulled Pork;;4
Side Stacker: Pulled Pork;;4
Side Stacker: Pulled Pork;;4
Side Stacker: Pulled Pork;;4
Reg Pulled Pork Sandwich 1/3 Lb;;13.95
Reg Pulled Pork Sandwich 1/3 Lb;;13.95
Reg Pulled Pork Sandwich 1/3 Lb;;13.95
Reg Pulled Pork Sandwich 1/3 Lb;;13.95
Reg Pulled Pork Sandwich 1/3 Lb;;13.95
Reg Pulled Pork Sandwich 1/3 Lb;;13.95
Reg Pulled Pork Sandwich 1/3 Lb;;13.95
Reg Pulled Pork Sandwich 1/3 Lb;;13.95
Reg Pulled Pork Sandwich 1/3 Lb;;13.95
Reg Pulled Pork Sandwich 1/3 Lb;;13.95
Reg Pulled Pork Sandwich 1/3 Lb;;13.95
Reg Pulled Pork Sandwich 1/3 Lb;;13.95
Reg Pulled Pork Sandwich 1/3 Lb;;13.95
Reg Pulled Pork Sandwich 1/3 Lb;;13.95
Reg Pulled Pork Sandwich 1/3 Lb;;13.95
Reg Pulled Pork Sandwich 1/3 Lb;;13.95
Reg Pulled Pork Sandwich 1/3 Lb;;13.95
Reg Pulled Pork Sandwich 1/3 Lb;;13.95
Reg Pulled Pork Sandwich 1/3 Lb;;13.95
Reg Pulled Pork Sandwich 1/3 Lb;;13.95
Reg Pulled Pork Sandwich 1/3 Lb;;13.95
Reg Pulled Pork Sandwich 1/3 Lb;;13.95
Reg Pulled Pork Sandwich 1/3 Lb;;13.95
Reg Pulled Pork Sandwich 1/3 Lb;;13.95
Reg Pulled Pork Sandwich 1/3 Lb;;13.95
Reg Pulled Pork Sandwich 1/3 Lb;;13.95
Reg Pulled Pork Sandwich 1/3 Lb;;13.95
Reg Pulled Pork Sandwich 1/3 Lb;;13.95
Reg Pulled Pork Sandwich 1/3 Lb;;13.95
Reg Pulled Pork Sandwich 1/3 Lb;;13.95
Reg Pulled Pork Sandwich 1/3 Lb;;13.95
Reg Pulled Pork Sandwich 1/3 Lb;;13.95
Reg Pulled Pork Sandwich 1/3 Lb;;13.95
Reg Pulled Pork Sandwich 1/3 Lb;;13.95
Reg Pulled Pork Sandwich 1/3 Lb;;13.95
Reg Pulled Pork Sandwich 1/3 Lb;;13.95
Reg Pulled Pork Sandwich 1/3 Lb;;13.95
Reg Pulled Pork Sandwich 1/3 Lb;;13.95
Reg Pulled Pork Sandwich 1/3 Lb;;13.95
Reg Pulled Pork Sandwich 1/3 Lb;;13.95
Reg Pulled Pork Sandwich 1/3 Lb;;13.95
Reg Pulled Pork Sandwich 1/3 Lb;;13.95
Reg Pulled Pork Sandwich 1/3 Lb;;13.95
Reg Pulled Pork Sandwich 1/3 Lb;;13.95
Reg Pulled Pork Sandwich 1/3 Lb;;13.95
Reg Pulled Pork Sandwich 1/3 Lb;;13.95
Reg Pulled Pork Sandwich 1/3 Lb;;13.95
Reg Pulled Pork Sandwich 1/3 Lb;;13.95
Reg Pulled Pork Sandwich 1/3 Lb;;13.95
Reg Pulled Pork Sandwich 1/3 Lb;;13.95
Reg Pulled Pork Sandwich 1/3 Lb;;13.95
Reg Pulled Pork Sandwich 1/3 Lb;;13.95
Reg Pulled Pork Sandwich 1/3 Lb;;10.39
Reg Pulled Pork Sandwich 1/3 Lb;;10.39
Reg Pulled Pork Sandwich 1/3 Lb;;10.39
Reg Pulled Pork Sandwich 1/3 Lb;;10.39
Reg Pulled Pork Sandwich 1/3 Lb;;10.39
Reg Pulled Pork Sandwich 1/3 Lb;;10.39
Reg Pulled Pork Sandwich 1/3 Lb;;10.39
Reg Pulled Pork Sandwich 1/3 Lb;;10.39
Reg Pulled Pork Sandwich 1/3 Lb;;10.39
Reg Pulled Pork Sandwich 1/3 Lb;;10.39
Reg Pulled Pork Sandwich 1/3 Lb;;10.39
Reg Pulled Pork Sandwich 1/3 Lb;;10.39
Reg Pulled Pork Sandwich 1/3 Lb;;10.39
Reg Pulled Pork Sandwich 1/3 Lb;;10.39
Reg Pulled Pork Sandwich 1/3 Lb;;10.39
Reg Pulled Pork Sandwich 1/3 Lb;;10.39
Reg Pulled Pork Sandwich 1/3 Lb;;10.39
Reg Pulled Pork Sandwich 1/3 Lb;;10.39
Reg Pulled Pork Sandwich 1/3 Lb;;10.39
Reg Pulled Pork Sandwich 1/3 Lb;;10.39
Reg Pulled Pork Sandwich 1/3 Lb;;10.39
Reg Pulled Pork Sandwich 1/3 Lb;;10.39
Reg Pulled Pork Sandwich 1/3 Lb;;10.39
Reg Pulled Pork Sandwich 1/3 Lb;;10.39
Reg Pulled Pork Sandwich 1/3 Lb;;10.39
Reg Pulled Pork Sandwich 1/3 Lb;;10.39
Reg Pulled Pork Sandwich 1/3 Lb;;10.39
Reg Pulled Pork Sandwich 1/3 Lb;;10.39
Reg Pulled Pork Sandwich 1/3 Lb;;10.39
Reg Pulled Pork Sandwich 1/3 Lb;;10.39
Reg Pulled Pork Sandwich 1/3 Lb;;10.39
Reg Pulled Pork Sandwich 1/3 Lb;;10.39
Reg Pulled Pork Sandwich 1/3 Lb;;10.39
Reg Pulled Pork Sandwich 1/3 Lb;;10.39
Reg Pulled Pork Sandwich 1/3 Lb;;10.39
Reg Pulled Pork Sandwich 1/3 Lb;;10.39
Reg Pulled Pork Sandwich 1/3 Lb;;10.39
Reg Pulled Pork Sandwich 1/3 Lb;;10.39
Reg Pulled Pork Sandwich 1/3 Lb;;10.39
Reg Pulled Pork Sandwich 1/3 Lb;;10.39
Reg Pulled Pork Sandwich 1/3 Lb;;10.39
Reg Pulled Pork Sandwich 1/3 Lb;;10.39
Reg Pulled Pork Sandwich 1/3 Lb;;10.39
Reg Pulled Pork Sandwich 1/3 Lb;;10.39
Reg Pulled Pork Sandwich 1/3 Lb;;10.39
Reg Pulled Pork Sandwich 1/3 Lb;;10.39
Reg Pulled Pork Sandwich 1/3 Lb;;10.39
Reg Pulled Pork Sandwich 1/3 Lb;;10.39
Reg Pulled Pork Sandwich 1/3 Lb;;10.39
Reg Pulled Pork Sandwich 1/3 Lb;;10.39
Reg Pulled Pork Sandwich 1/3 Lb;;10.39
Reg Pulled Pork Sandwich 1/3 Lb;;10.39
Reg Pulled Pork Sandwich 1/3 Lb;;10.39
Reg Pulled Pork Sandwich 1/3 Lb;;10.39
Reg Pulled Pork Sandwich 1/3 Lb;;10.39
Reg Pulled Pork Sandwich 1/3 Lb;;10.39
Reg Pulled Pork Sandwich 1/3 Lb;;10.39
Reg Pulled Pork Sandwich 1/3 Lb;;10.39
Reg Pulled Pork Sandwich 1/3 Lb;;10.39
Reg Pulled Pork Sandwich 1/3 Lb;;10.39
Reg Pulled Pork Sandwich 1/3 Lb;;10.39
Reg Pulled Pork Sandwich 1/3 Lb;;10.39
Reg Pulled Pork Sandwich 1/3 Lb;;10.39
Reg Pulled Pork Sandwich 1/3 Lb;;10.39
Reg Pulled Pork Sandwich 1/3 Lb;;10.39
Reg Pulled Pork Sandwich 1/3 Lb;;10.39
Reg Pulled Pork Sandwich 1/3 Lb;;10.39
Reg Pulled Pork Sandwich 1/3 Lb;;10.39
Reg Pulled Pork Sandwich 1/3 Lb;;10.39
Reg Pulled Pork Sandwich 1/3 Lb;;10.39
Reg Pulled Pork Sandwich 1/3 Lb;;10.39
Reg Pulled Pork Sandwich 1/3 Lb;;10.39
Reg Pulled Pork Sandwich 1/3 Lb;;10.39
Reg Pulled Pork Sandwich 1/3 Lb;;10.39
Reg Pulled Pork Sandwich 1/3 Lb;;10.39
Reg Pulled Pork Sandwich 1/3 Lb;;10.39
Reg Pulled Pork Sandwich 1/3 Lb;;10.39
Reg Pulled Pork Sandwich 1/3 Lb;;10.39
Reg Pulled Pork Sandwich 1/3 Lb;;10.39
Reg Pulled Pork Sandwich 1/3 Lb;;10.39
Reg Pulled Pork Sandwich 1/3 Lb;;10.39
Reg Pulled Pork Sandwich 1/3 Lb;;10.39
Reg Pulled Pork Sandwich 1/3 Lb;;10.39
Reg Pulled Pork Sandwich 1/3 Lb;;10.39
Reg Pulled Pork Sandwich 1/3 Lb;;10.39
Reg Pulled Pork Sandwich 1/3 Lb;;10.39
Reg Pulled Pork Sandwich 1/3 Lb;;10.39
Reg Pulled Pork Sandwich 1/3 Lb;;10.39
Reg Pulled Pork Sandwich 1/3 Lb;;10.39
Reg Pulled Pork Sandwich 1/3 Lb;;10.39
Reg Pulled Pork Sandwich 1/3 Lb;;10.39
Reg Pulled Pork Sandwich 1/3 Lb;;10.39
Reg Pulled Pork Sandwich 1/3 Lb;;10.39
Reg Pulled Pork Sandwich 1/3 Lb;;10.39
Reg Pulled Pork Sandwich 1/3 Lb;;10.39
Reg Pulled Pork Sandwich 1/3 Lb;;10.39
Reg Pulled Pork Sandwich 1/3 Lb;;10.39
Reg Pulled Pork Sandwich 1/3 Lb;;10.39
Reg Pulled Pork Sandwich 1/3 Lb;;10.39
Reg Pulled Pork Sandwich 1/3 Lb;;10.39
Reg Pulled Pork Sandwich 1/3 Lb;;10.39
Reg Pulled Pork Sandwich 1/3 Lb;;10.39
Reg Pulled Pork Sandwich 1/3 Lb;;10.39
Reg Pulled Pork Sandwich 1/3 Lb;;10.39
Reg Pulled Pork Sandwich 1/3 Lb;;10.39
Reg Pulled Pork Sandwich 1/3 Lb;;10.39
Reg Pulled Pork Sandwich 1/3 Lb;;10.39
Reg Pulled Pork Sandwich 1/3 Lb;;10.39
Reg Pulled Pork Sandwich 1/3 Lb;;10.39
Reg Pulled Pork Sandwich 1/3 Lb;;10.39
Reg Pulled Pork Sandwich 1/3 Lb;;10.39
Reg Pulled Pork Sandwich 1/3 Lb;;10.39
Reg Pulled Pork Sandwich 1/3 Lb;;10.39
Reg Pulled Pork Sandwich 1/3 Lb;;10.39
Reg Pulled Pork Sandwich 1/3 Lb;;10.39
Reg Pulled Pork Sandwich 1/3 Lb;;10.39
Reg Pulled Pork Sandwich 1/3 Lb;;10.39
Reg Pulled Pork Sandwich 1/3 Lb;;10.39
Reg Pulled Pork Sandwich 1/3 Lb;;10.39
Reg Pulled Pork Sandwich 1/3 Lb;;10.39
Reg Pulled Pork Sandwich 1/3 Lb;;10.39
Reg Pulled Pork Sandwich 1/3 Lb;;10.39
Reg Pulled Pork Sandwich 1/3 Lb;;10.39
Reg Pulled Pork Sandwich 1/3 Lb;;10.39
Reg Pulled Pork Sandwich 1/3 Lb;;10.39
Reg Pulled Pork Sandwich 1/3 Lb;;10.39
Reg Pulled Pork Sandwich 1/3 Lb;;10.39
Reg Pulled Pork Sandwich 1/3 Lb;;10.39
Reg Pulled Pork Sandwich 1/3 Lb;;10.39
Reg Pulled Pork Sandwich 1/3 Lb;;10.39
Reg Pulled Pork Sandwich 1/3 Lb;;10.39
Reg Pulled Pork Sandwich 1/3 Lb;;10.39
Reg Pulled Pork Sandwich 1/3 Lb;;10.39
Reg Pulled Pork Sandwich 1/3 Lb;;10.39
Reg Pulled Pork Sandwich 1/3 Lb;;10.39
Reg Pulled Pork Sandwich 1/3 Lb;;10.39
Reg Pulled Pork Sandwich 1/3 Lb;;10.39
Reg Pulled Pork Sandwich 1/3 Lb;;10.39
Reg Pulled Pork Sandwich 1/3 Lb;;10.39
Reg Pulled Pork Sandwich 1/3 Lb;;10.39
Reg Pulled Pork Sandwich 1/3 Lb;;10.39
Reg Pulled Pork Sandwich 1/3 Lb;;10.39
Reg Pulled Pork Sandwich 1/3 Lb;;10.39
Reg Pulled Pork Sandwich 1/3 Lb;;10.39
Reg Pulled Pork Sandwich 1/3 Lb;;10.39
Reg Pulled Pork Sandwich 1/3 Lb;;10.39
Reg Pulled Pork Sandwich 1/3 Lb;;10.39
Reg Pulled Pork Sandwich 1/3 Lb;;10.39
Reg Pulled Pork Sandwich 1/3 Lb;;10.39
Reg Pulled Pork Sandwich 1/3 Lb;;10.39
Reg Pulled Pork Sandwich 1/3 Lb;;10.39
Reg Pulled Pork Sandwich 1/3 Lb;;10.39
Reg Pulled Pork Sandwich 1/3 Lb;;10.39
Reg Pulled Pork Sandwich 1/3 Lb;;10.39
Reg Pulled Pork Sandwich 1/3 Lb;;10.39
Reg Pulled Pork Sandwich 1/3 Lb;;10.39
Reg Pulled Pork Sandwich 1/3 Lb;;10.39
Reg Pulled Pork Sandwich 1/3 Lb;;10.39
Reg Pulled Pork Sandwich 1/3 Lb;;10.39
Reg Pulled Pork Sandwich 1/3 Lb;;10.39
Reg Pulled Pork Sandwich 1/3 Lb;;10.39
Reg Pulled Pork Sandwich 1/3 Lb;;10.39
Reg Pulled Pork Sandwich 1/3 Lb;;10.39
Reg Pulled Pork Sandwich 1/3 Lb;;10.39
Reg Pulled Pork Sandwich 1/3 Lb;;10.39
Reg Pulled Pork Sandwich 1/3 Lb;;10.39
Reg Pulled Pork Sandwich 1/3 Lb;;10.39
Reg Pulled Pork Sandwich 1/3 Lb;;10.39
Pulled Pork Mac Bowl;;15.55
Pulled Pork Mac Bowl;;15.55
Pulled Pork Mac Bowl;;15.55
Pulled Pork Mac Bowl;;15.55
Pulled Pork Mac Bowl;;15.55
Pulled Pork Mac Bowl;;15.55
Pulled Pork Mac Bowl;;15.55
Pulled Pork Mac Bowl;;15.55
Pulled Pork Mac Bowl;;15.55
Pulled Pork Mac Bowl;;15.55
Pulled Pork Mac Bowl;;15.55
Pulled Pork Mac Bowl;;15.55
Pulled Pork Mac Bowl;;15.55
Pulled Pork Mac Bowl;;15.55
Pulled Pork Mac Bowl;;15.55
Pulled Pork Mac Bowl;;15.55
Pulled Pork Mac Bowl;;15.55
Pulled Pork Mac Bowl;;15.55
Pulled Pork Mac Bowl;;15.55
Pulled Pork Mac Bowl;;15.55
Pulled Pork Mac Bowl;;15.55
Pulled Pork Mac Bowl;;15.55
Pulled Pork Mac Bowl;;15.55
Pulled Pork Mac Bowl;;15.55
Pulled Pork Mac Bowl;;15.55
Pulled Pork Mac Bowl;;15.55
Pulled Pork Mac Bowl;;15.55
Pulled Pork Mac Bowl;;15.55
Pulled Pork Mac Bowl;;15.55
Pulled Pork Mac Bowl;;15.55
Pulled Pork Mac Bowl;;15.55
Pulled Pork Mac Bowl;;15.55
Pulled Pork Mac Bowl;;15.55
Pulled Pork Mac Bowl;;15.55
Pulled Pork Mac Bowl;;15.55
Pulled Pork Mac Bowl;;15.55
Pulled Pork Mac Bowl;;15.55
Pulled Pork Mac Bowl;;15.55
Pulled Pork Mac Bowl;;15.55
Pulled Pork Elote;;7
Pulled Pork 3/4 LB;;25.41
Pulled Pork 3/4 LB;;21.87
Pulled Pork 3/4 LB;;21.87
Pulled Pork 3/4 LB;;21.87
Pulled Pork 1/2 LB;;16.94
Pulled Pork 1/2 LB;;16.94
Pulled Pork 1/2 LB;;16.94
Pulled Pork 1/2 LB;;16.94
Pulled Pork 1/2 LB;;16.94
Pulled Pork 1/2 LB;;16.94
Pulled Pork 1/2 LB;;16.94
Pulled Pork 1/2 LB;;16.94
Pulled Pork 1/2 LB;;14.58
Pulled Pork 1/2 LB;;14.58
Pulled Pork 1/2 LB;;14.58
Pulled Pork 1/2 LB;;14.58
Pulled Pork 1/2 LB;;14.58
Pulled Pork 1/2 LB;;14.58
Pulled Pork 1/2 LB;;14.58
Pulled Pork 1/2 LB;;14.58
Pulled Pork 1/2 LB;;14.58
Pulled Pork 1/2 LB;;14.58
Pulled Pork 1/2 LB;;14.58
Pulled Pork 1/2 LB;;14.58
Pulled Pork 1/2 LB;;14.58
Pulled Pork 1/2 LB;;14.58
Pulled Pork 1/2 LB;;14.58
Pulled Pork 1/2 LB;;14.58
Pulled Pork 1/2 LB;;14.58
Pulled Pork 1/2 LB;;14.58
Pulled Pork 1/2 LB;;14.58
Pulled Pork 1/2 LB;;14.58
Pulled Pork 1/2 LB;;14.58
Pulled Pork 1/2 LB;;14.58
Pulled Pork 1/2 LB;;14.58
Pulled Pork 1/2 LB;;14.58
Pulled Pork 1/2 LB;;14.58
Pulled Pork 1/2 LB;;14.58
Pulled Pork 1/2 LB;;14.58
Pulled Pork 1/2 LB;;14.58
Pulled Pork 1/2 LB;;14.58
Pulled Pork 1/2 LB;;14.58
Pulled Pork 1/2 LB;;14.58
Pulled Pork 1/2 LB;;14.58
Pulled Pork 1/2 LB;;14.58
Pulled Pork 1/2 LB;;14.58
Pulled Pork 1/2 LB;;14.58
Pulled Pork 1/2 LB;;14.58
Pulled Pork 1/2 LB;;14.58
Pulled Pork 1/2 LB;;14.58
Pulled Pork 1/2 LB;;14.58
Pulled Pork 1/2 LB;;14.58
Pulled Pork 1/2 LB;;14.58
Pulled Pork 1/2 LB;;14.58
Pulled Pork 1/2 LB;;14.58
Pulled Pork 1/2 LB;;14.58
Pulled Pork 1/2 LB;;14.58
Pulled Pork 1 LB;;33.88
Pulled Pork 1 LB;;33.88
Pulled Pork 1 LB;;33.88
Pulled Pork 1 LB;;29.16
Pulled Pork 1 LB;;29.16
Pulled Pork 1 LB;;29.16
Pulled Pork 1 LB;;29.16
Pulled Pork 1 LB;;29.16
Pulled Pork 1 LB;;29.16
Pulled Pork 1 LB;;29.16
Pulled Pork 1 LB;;29.16
Pulled Pork 1 LB;;29.16
Pulled Pork 1 LB;;29.16
Smoked Pulled Pork;;840
Lg Pulled Pork Sandwich 1/2 Lb;;14.58
Lg Pulled Pork Sandwich 1/2 Lb;;14.58
Lg Pulled Pork Sandwich 1/2 Lb;;14.58
Lg Pulled Pork Sandwich 1/2 Lb;;14.58
Lg Pulled Pork Sandwich 1/2 Lb;;14.58
Lg Pulled Pork Sandwich 1/2 Lb;;14.58
Lg Pulled Pork Sandwich 1/2 Lb;;14.58
Lg Pulled Pork Sandwich 1/2 Lb;;14.58
Lg Pulled Pork Sandwich 1/2 Lb;;14.58
Lg Pulled Pork Sandwich 1/2 Lb;;14.58
Lg Pulled Pork Sandwich 1/2 Lb;;14.58
Lg Pulled Pork Sandwich 1/2 Lb;;14.58
Lg Pulled Pork Sandwich 1/2 Lb;;14.58
Lg Pulled Pork Sandwich 1/2 Lb;;14.58
Lg Pulled Pork Sandwich 1/2 Lb;;14.58
Lg Pulled Pork Sandwich 1/2 Lb;;14.58
Lg Pulled Pork Sandwich 1/2 Lb;;14.58
Lg Pulled Pork Sandwich 1/2 Lb;;14.58
Lg Pulled Pork Sandwich 1/2 Lb;;14.58
Lg Pulled Pork Sandwich 1/2 Lb;;14.58
Lg Pulled Pork Sandwich 1/2 Lb;;14.58
Lg Pulled Pork Sandwich 1/2 Lb;;14.58
Lg Pulled Pork Sandwich 1/2 Lb;;14.58
Lg Pulled Pork Sandwich 1/2 Lb;;14.58
Lg Pulled Pork Sandwich 1/2 Lb;;14.58
Lg Pulled Pork Sandwich 1/2 Lb;;14.58
Lg Pulled Pork Sandwich 1/2 Lb;;14.58
