Full Slab Rib;;39
Full Slab Rib;;39
Full Slab Rib;;39
Full Slab Rib;;39
Full Slab Rib;;39
Full Slab Rib;;39
Full Slab Rib;;39
Full Slab Rib;;39
Full Slab Rib;;39
Full Slab Rib;;39
Full Slab Rib;;39
Full Slab Rib;;39
Full Slab Rib;;39
Full Slab Rib;;39
Full Slab Rib;;32.22
Full Slab Rib;;32.22
Full Slab Rib;;32.22
Full Slab Rib;;32.22
Full Slab Rib;;32.22
Full Slab Rib;;32.22
Full Slab Rib;;32.22
Full Slab Rib;;32.22
Full Slab Rib;;32.22
Full Slab Rib;;32.22
Full Slab Rib;;32.22
Full Slab Rib;;32.22
Full Slab Rib;;32.22
Full Slab Rib;;32.22
Full Slab Rib;;32.22
Full Slab Rib;;32.22
Full Slab Rib;;32.22
Full Slab Rib;;32.22
Full Slab Rib;;32.22
Full Slab Rib;;32.22
Full Slab Rib;;32.22
Full Slab Rib;;32.22
Full Slab Rib;;32.22
Full Slab Rib;;32.22
Full Slab Rib;;32.22
Full Slab Rib;;32.22
Full Slab Rib;;32.22
Full Slab Rib;;32.22
Full Slab Rib;;32.22
Full Slab Rib;;32.22
Full Slab Rib;;32.22
Full Slab Rib;;32.22
Full Slab Rib;;32.22
Full Slab Rib;;32.22
Full Slab Rib;;32.22
Full Slab Rib;;32.22
Full Slab Rib;;32.22
Full Slab Rib;;32.22
Full Slab Rib;;32.22
Full Slab Rib;;32.22
Full Slab Rib;;32.22
Full Slab Rib;;32.22
Full Slab Rib;;32.22
Full Slab Rib;;32.22
Full Slab Rib;;32.22
Full Slab Rib;;32.22
Full Slab Rib;;32.22
Full Slab Rib;;32.22
Full Slab Rib;;32.22
Full Slab Rib;;32.22
Full Slab Rib;;32.22
Full Slab Rib;;32.22
Beef Ribs;;35
Beef Ribs;;35
Beef Ribs;;40
Beef Ribs;;40
Beef Ribs;;40
Beef Ribs;;33
Beef Ribs;;30
Beef Ribs;;50
Beef Ribs;;40
Beef Ribs;;35
Beef Ribs;;40
Beef Ribs;;30
Beef Ribs;;41.6
Beef Ribs;;41.6
Beef Ribs;;41.6
Beef Ribs;;41.6
Beef Ribs;;41.6
Beef Ribs;;41.6
Beef Ribs;;41.6
Beef Ribs;;41.6
Beef Ribs;;41.6
Beef Ribs;;41.6
Beef Ribs;;41.6
Beef Ribs;;41.6
Beef Ribs;;41.6
Beef Ribs;;41.6
Beef Ribs;;41.6
Beef Ribs;;41.6
Beef Rib Shorty;;36.4
Beef Rib Shorty;;36.4
Beef Rib Shorty;;36.4
Beef Rib Shorty;;36.4
Beef Rib Shorty;;36.4
Beef Rib Shorty;;36.4
Beef Rib Shorty;;36.4
Beef Rib Shorty;;36.4
Beef Rib Shorty;;36.4
Beef Rib Shorty;;36.4
Beef Rib Shorty;;36.4
Beef Rib Shorty;;36.4
Beef Rib Shorty;;36.4
2 Beef Ribs;;30
1/4 Slab Rib;;12.5
1/4 Slab Rib;;12.5
1/4 Slab Rib;;12.5
1/4 Slab Rib;;12.5
1/4 Slab Rib;;12.5
1/4 Slab Rib;;12.5
1/4 Slab Rib;;12.5
1/4 Slab Rib;;12.5
1/4 Slab Rib;;12.5
1/4 Slab Rib;;12.5
1/4 Slab Rib;;12.5
1/4 Slab Rib;;12.5
1/4 Slab Rib;;12.5
1/4 Slab Rib;;12.5
1/4 Slab Rib;;10.35
1/4 Slab Rib;;10.35
1/4 Slab Rib;;10.35
1/4 Slab Rib;;10.35
1/4 Slab Rib;;10.35
1/4 Slab Rib;;10.35
1/4 Slab Rib;;10.35
1/4 Slab Rib;;10.35
1/4 Slab Rib;;10.35
1/4 Slab Rib;;10.35
1/4 Slab Rib;;10.35
1/4 Slab Rib;;10.35
1/4 Slab Rib;;10.35
1/4 Slab Rib;;10.35
1/4 Slab Rib;;10.35
1/4 Slab Rib;;10.35
1/4 Slab Rib;;10.35
1/4 Slab Rib;;10.35
1/4 Slab Rib;;10.35
1/4 Slab Rib;;10.35
1/4 Slab Rib;;10.35
1/4 Slab Rib;;10.35
1/4 Slab Rib;;10.35
1/4 Slab Rib;;10.35
1/4 Slab Rib;;10.35
1/4 Slab Rib;;10.35
1/4 Slab Rib;;10.35
1/4 Slab Rib;;10.35
1/4 Slab Rib;;10.35
1/4 Slab Rib;;10.35
1/4 Slab Rib;;10.35
1/4 Slab Rib;;10.35
1/4 Slab Rib;;10.35
1/4 Slab Rib;;10.35
1/4 Slab Rib;;10.35
1/4 Slab Rib;;10.35
1/4 Slab Rib;;10.35
1/4 Slab Rib;;10.35
1/4 Slab Rib;;10.35
1/4 Slab Rib;;10.35
1/4 Slab Rib;;10.35
1/4 Slab Rib;;10.35
1/4 Slab Rib;;10.35
1/4 Slab Rib;;10.35
1/4 Slab Rib;;10.35
1/4 Slab Rib;;10.35
1/4 Slab Rib;;10.35
1/4 Slab Rib;;10.35
1/4 Slab Rib;;10.35
1/4 Slab Rib;;10.35
1/4 Slab Rib;;10.35
1/4 Slab Rib;;10.35
1/4 Slab Rib;;10.35
1/4 Slab Rib;;10.35
1/4 Slab Rib;;10.35
1/4 Slab Rib;;10.35
1/4 Slab Rib;;10.35
1/4 Slab Rib;;10.35
1/4 Slab Rib;;10.35
1/4 Slab Rib;;10.35
1/4 Slab Rib;;10.35
1/4 Slab Rib;;10.35
1/4 Slab Rib;;10.35
1/4 Slab Rib;;10.35
1/4 Slab Rib;;10.35
1/4 Slab Rib;;10.35
1/4 Slab Rib;;10.35
1/4 Slab Rib;;10.35
1/4 Slab Rib;;10.35
1/4 Slab Rib;;10.35
1/4 Slab Rib;;10.35
1/4 Slab Rib;;10.35
1/4 Slab Rib;;10.35
1/4 Slab Rib;;10.35
1/4 Slab Rib;;10.35
1/4 Slab Rib;;10.35
1/4 Slab Rib;;10.35
1/2 Slab Rib;;25
1/2 Slab Rib;;25
1/2 Slab Rib;;25
1/2 Slab Rib;;25
1/2 Slab Rib;;25
1/2 Slab Rib;;25
1/2 Slab Rib;;25
1/2 Slab Rib;;25
1/2 Slab Rib;;25
1/2 Slab Rib;;25
1/2 Slab Rib;;25
1/2 Slab Rib;;25
1/2 Slab Rib;;19.71
1/2 Slab Rib;;19.71
1/2 Slab Rib;;19.71
1/2 Slab Rib;;19.71
1/2 Slab Rib;;19.71
1/2 Slab Rib;;19.71
1/2 Slab Rib;;19.71
1/2 Slab Rib;;19.71
1/2 Slab Rib;;19.71
1/2 Slab Rib;;19.71
1/2 Slab Rib;;19.71
1/2 Slab Rib;;19.71
1/2 Slab Rib;;19.71
1/2 Slab Rib;;19.71
1/2 Slab Rib;;19.71
1/2 Slab Rib;;19.71
1/2 Slab Rib;;19.71
1/2 Slab Rib;;19.71
1/2 Slab Rib;;19.71
1/2 Slab Rib;;19.71
1/2 Slab Rib;;19.71
1/2 Slab Rib;;19.71
1/2 Slab Rib;;19.71
1/2 Slab Rib;;19.71
1/2 Slab Rib;;19.71
1/2 Slab Rib;;19.71
1/2 Slab Rib;;19.71
1/2 Slab Rib;;19.71
1/2 Slab Rib;;19.71
1/2 Slab Rib;;19.71
1/2 Slab Rib;;19.71
1/2 Slab Rib;;19.71
1/2 Slab Rib;;19.71
1/2 Slab Rib;;19.71
1/2 Slab Rib;;19.71
1/2 Slab Rib;;19.71
1/2 Slab Rib;;19.71
1/2 Slab Rib;;19.71
1/2 Slab Rib;;19.71
1/2 Slab Rib;;19.71
1/2 Slab Rib;;19.71
1/2 Slab Rib;;19.71
1/2 Slab Rib;;19.71
1/2 Slab Rib;;19.71
1/2 Slab Rib;;19.71
1/2 Slab Rib;;19.71
1/2 Slab Rib;;19.71
1/2 Slab Rib;;19.71
1/2 Slab Rib;;19.71
1/2 Slab Rib;;19.71
1/2 Slab Rib;;19.71
1/2 Slab Rib;;19.71
1/2 Slab Rib;;19.71
1/2 Slab Rib;;19.71
1/2 Slab Rib;;19.71
1/2 Slab Rib;;19.71
1/2 Slab Rib;;19.71
1/2 Slab Rib;;19.71
1/2 Slab Rib;;19.71
1/2 Slab Rib;;19.71
1/2 Slab Rib;;19.71
1/2 Slab Rib;;19.71
1/2 Slab Rib;;19.71
1/2 Slab Rib;;19.71
1/2 Slab Rib;;19.71
1/2 Slab Rib;;19.71
1/2 Slab Rib;;19.71
1/2 Slab Rib;;19.71
1/2 Slab Rib;;19.71
1/2 Slab Rib;;19.71
1/2 Slab Rib;;19.71
1/2 Slab Rib;;19.71
1/2 Slab Rib;;19.71
1/2 Slab Rib;;19.71
1/2 Slab Rib;;19.71
1/2 Slab Rib;;19.71
1/2 Slab Rib;;19.71
1/2 Slab Rib;;19.71
1/2 Slab Rib;;19.71
1/2 Slab Rib;;19.71
1/2 Slab Rib;;19.71
1/2 Slab Rib;;19.71
1/2 Slab Rib;;19.71
1/2 Slab Rib;;19.71
1/2 Slab Rib;;19.71
1/2 Slab Rib;;19.71
