1 LB Jalapeños Cheddar Sausage;;24.54
1 LB Jalapeños Cheddar Sausage;;24.54
1 LB Jalapeños Cheddar Sausage;;24.54
1 LB Jalapeños Cheddar Sausage;;24.54
1 LB Jalapeños Cheddar Sausage;;24.54
1 LB Jalapeños Cheddar Sausage;;24.54
1 LB Jalapeños Cheddar Sausage;;24.54
1 LB Jalapeños Cheddar Sausage;;24.54
1/2 LB Texas Beef Sausage;;11.8
1/2 LB Texas Beef Sausage;;11.8
1/2 LB Texas Beef Sausage;;11.8
1/2 LB Texas Beef Sausage;;11.8
1/2 LB Texas Beef Sausage;;11.8
1/2 LB Texas Beef Sausage;;11.8
1/2 LB Texas Beef Sausage;;11.8
1/2 LB Texas Beef Sausage;;11.8
1/2 LB Texas Beef Sausage;;11.8
1/2 LB Texas Beef Sausage;;11.8
1/2 LB Texas Beef Sausage;;11.8
1/2 LB Texas Beef Sausage;;11.8
1/2 LB Texas Beef Sausage;;11.8
1/2 LB Texas Beef Sausage;;11.8
1/2 LB Texas Beef Sausage;;11.8
1/2 LB Texas Beef Sausage;;11.8
1/2 LB Texas Beef Sausage;;11.8
1/2 LB Texas Beef Sausage;;11.8
1/2 LB Texas Beef Sausage;;11.8
1/2 LB Texas Beef Sausage;;11.8
1/2 LB Texas Beef Sausage;;11.8
1/2 LB Texas Beef Sausage;;11.8
1/2 LB Texas Beef Sausage;;11.8
1/2 LB Texas Beef Sausage;;11.8
1/2 LB Texas Beef Sausage;;11.8
1/2 LB Texas Beef Sausage;;11.8
1/2 LB Texas Beef Sausage;;11.8
1/2 LB Texas Beef Sausage;;11.8
1/2 LB Texas Beef Sausage;;11.8
1/2 LB Texas Beef Sausage;;11.8
1/2 LB Texas Beef Sausage;;11.8
1/2 LB Texas Beef Sausage;;11.8
1/2 LB Texas Beef Sausage;;11.8
1/2 LB Texas Beef Sausage;;11.8
1/2 LB Texas Beef Sausage;;11.8
1/2 LB Texas Beef Sausage;;11.8
1/2 LB Texas Beef Sausage;;11.8
1/2 LB Texas Beef Sausage;;11.8
1/2 LB Texas Beef Sausage;;11.8
1/2 LB Texas Beef Sausage;;11.8
1/2 LB Texas Beef Sausage;;11.8
1/2 LB Texas Beef Sausage;;11.8
1/2 LB Jalapeños Cheddar Sausage;;11.8
1/2 LB Jalapeños Cheddar Sausage;;11.8
1/2 LB Jalapeños Cheddar Sausage;;11.8
1/2 LB Jalapeños Cheddar Sausage;;11.8
1/2 LB Jalapeños Cheddar Sausage;;11.8
1/2 LB Jalapeños Cheddar Sausage;;11.8
1/2 LB Jalapeños Cheddar Sausage;;11.8
1/2 LB Jalapeños Cheddar Sausage;;11.8
1/2 LB Jalapeños Cheddar Sausage;;11.8
1/2 LB Jalapeños Cheddar Sausage;;11.8
1/2 LB Jalapeños Cheddar Sausage;;11.8
1/2 LB Jalapeños Cheddar Sausage;;11.8
1/2 LB Jalapeños Cheddar Sausage;;11.8
1/2 LB Jalapeños Cheddar Sausage;;11.8
1/2 LB Jalapeños Cheddar Sausage;;11.8
1/2 LB Jalapeños Cheddar Sausage;;11.8
1/2 LB Jalapeños Cheddar Sausage;;11.8
1/2 LB Jalapeños Cheddar Sausage;;11.8
1/2 LB Jalapeños Cheddar Sausage;;11.8
1/2 LB Jalapeños Cheddar Sausage;;11.8
1/2 LB Jalapeños Cheddar Sausage;;11.8
1/2 LB Jalapeños Cheddar Sausage;;11.8
1/2 LB Jalapeños Cheddar Sausage;;11.8
1/2 LB Jalapeños Cheddar Sausage;;11.8
1/2 LB Jalapeños Cheddar Sausage;;11.8
1/2 LB Jalapeños Cheddar Sausage;;11.8
1/2 LB Jalapeños Cheddar Sausage;;11.8
1/2 LB Jalapeños Cheddar Sausage;;11.8
1/2 LB Jalapeños Cheddar Sausage;;11.8
1 LB Texas Beef Sausage;;25.52
