Side Stacker;;6.99
Side Stacker;;6.99
Side Stacker;;6.99
Side Stacker;;6.99
Side Stacker;;6.99
Side Stacker;;6.99
Side Stacker;;6.99
Side Stacker;;6.99
Side Stacker;;6.99
Side Stacker;;6.99
Side Stacker;;6.99
Side Stacker;;6.99
Side Stacker;;6.99
Side Stack;;5.99
Side Stack;;5.99
Side Stack;;5.99
Side Stack;;5.99
Side Stack;;5.99
Side Stack;;5.99
Side Stack;;5.99
Side Stack;;5.99
Side Stack;;5.99
Side Stack;;5.99
Side Stack;;5.99
Side Stack;;5.99
Side Stack;;5.99
Side Stack;;5.99
Side Stack;;5.99
Side Stack;;5.99
Side Stack;;5.99
Side Stack;;5.99
Side Stack;;5.99
Side Stack;;5.99
Side Stack;;5.99
Side Stack;;5.99
Side Stack;;5.99
Side Stack;;5.99
Side Stack;;5.99
Side Stack;;5.99
Side Stack;;5.99
Side Stack;;5.99
Side Stack;;5.99
Side Stack;;5.99
Side Stack;;5.99
Side Stack;;5.99
Side Stack;;5.99
Side Stack;;5.99
Side Stack;;5.99
Side Stack;;5.99
Side Stack;;5.99
Side Stack;;5.99
Side Stack;;5.99
Side Stack;;5.99
Side Stack;;5.99
Side Stack;;5.99
Side Stack;;5.99
Side Stack;;5.99
Side Stack;;5.99
Side Stack;;5.99
Side Stack;;5.99
Side Stack;;5.99
Side Stack;;5.99
Side Stack;;5.99
Side Stack;;5.99
Side Stack;;5.99
Side Stack;;5.99
Side Stack;;5.99
Side Stack;;5.99
Side Stack;;5.99
Side Stack;;5.99
Side Stack;;5.99
Side Stack;;5.99
Side Stack;;5.99
Side Stack;;5.99
Side Stack;;5.99
Side Stack;;5.99
Side Stack;;5.99
Side Stack;;5.99
Side Stack;;5.99
Side Stack;;5.99
Side Stack;;5.99
Side Stack;;5.99
Side Stack;;5.99
Side Stack;;5.99
Side Stack;;5.99
Side Stack;;5.99
Side Stack;;5.99
Side Stack;;5.99
Side Stack;;5.99
Side Stack;;5.99
Side Stack;;5.99
Side Stack;;5.99
